table,shows,source_file,source_script,rows
tbl_predictors_sn,Social Network: graph predictors per service with ancestor_count and the measured service-median outcomes,analysis/final/predictors.csv + service_level_data.csv,analysis/final/run_confirmatory_analysis.py,11
tbl_predictors_hr,Hotel Reservation: graph predictors per service with ancestor_count and the measured service-median outcomes,analysis/final/predictors.csv + service_level_data.csv,analysis/final/run_confirmatory_analysis.py,7
tbl_primary_by_family,The primary predictor-outcome test in each family and architecture,analysis/final/confirmatory_family_kill.csv + replication_family_latency.csv,analysis/final/run_confirmatory_analysis.py,4
tbl_family_summary,Family sizes and how many tests survive BH-FDR at q=0.05,analysis/final/confirmatory_family_kill.csv + replication_family_latency.csv,analysis/final/run_confirmatory_analysis.py,2
tbl_primary_exact_p_supplementary,Supplementary: exact-enumeration p for the primary test and its BH-FDR rerun,analysis/final/exact_p_supplement.csv,analysis/final/exact_p_supplement.py,1
tbl_h1b,H1b: hybrid_criticality vs ancestor_affected_count in all four architecture-by-fault cells,analysis/final/h1b_hybrid_metric.csv,analysis/final/run_confirmatory_analysis.py,4
tbl_leave_one_out,Post-hoc: Social Network primary rho recomputed with each service excluded,analysis/final/leave_one_out.csv,analysis/final/leave_one_out.py,24
tbl_power,Preregistered power table reproduced from the actual analysis sets,analysis/final/power_table.csv,analysis/final/run_confirmatory_analysis.py,2
tbl_deviations,"Every deviation from the preregistration, ready for the deviations section",analysis/final/deviations.csv,analysis/final/run_confirmatory_analysis.py,12
