architecture,predictor,n_services,distinct_levels,value_if_constant,testable,reason
socialnetwork,ancestor_count,11,4,,True,
socialnetwork,hybrid_criticality,11,8,,True,
socialnetwork,degree,11,5,,True,
socialnetwork,in_degree,11,3,,True,
socialnetwork,out_degree,11,4,,True,
socialnetwork,betweenness,11,6,,True,
socialnetwork,closeness,11,7,,True,
socialnetwork,eigenvector,11,1,0.0,False,"constant at 0 across all 11 Social Network analysis-set services; Spearman rho is undefined. This is a degeneracy of the dependency graph, not a null result."
socialnetwork,pagerank,11,8,,True,
socialnetwork,composite_score,11,7,,True,
socialnetwork,descendant_count,11,5,,True,
socialnetwork,dominator_subtree_size,11,3,,True,
hotelreservation,ancestor_count,7,2,,True,
hotelreservation,hybrid_criticality,7,2,,True,
hotelreservation,degree,7,2,,True,
hotelreservation,in_degree,7,1,0.14285714285714285,False,"constant at 0.142857 across all 7 Hotel Reservation analysis-set services; Spearman rho is undefined. This is a degeneracy of the dependency graph, not a null result."
hotelreservation,out_degree,7,2,,True,
hotelreservation,betweenness,7,2,,True,
hotelreservation,closeness,7,2,,True,
hotelreservation,eigenvector,7,2,,True,
hotelreservation,pagerank,7,5,,True,
hotelreservation,composite_score,7,6,,True,
hotelreservation,descendant_count,7,2,,True,
hotelreservation,dominator_subtree_size,7,2,,True,
