status,family,architecture,architecture_label,predictor,outcome,is_primary_test,n_services,spearman_rho_locked,spearman_rho_recomputed,p_locked,p_method_locked,p_exact_supplementary,exact_distinct_arrangements,exact_method,p_bh_locked,significant_after_fdr_locked,p_bh_with_exact_primary_only,p_bh_with_all_available_exact,significant_after_fdr_with_exact,fdr_q,family_size_tested
SUPPLEMENTARY precision refinement of p-values; not a re-analysis and not a locked output,confirmatory (kill),socialnetwork,Social Network,ancestor_count,ancestor_affected_count,True,11,0.785118891023205,0.785119,0.007999200079992,10000 random permutations,0.00692641,9240,"exact enumeration of 9,240 distinct arrangements (39,916,800 permutations)",0.3450512091647978,False,0.304762,0.304762,False,0.05,44
SUPPLEMENTARY precision refinement of p-values; not a re-analysis and not a locked output,confirmatory (kill),socialnetwork,Social Network,ancestor_count,T_rec,False,11,-0.3556706068979691,-0.355671,0.2806719328067193,10000 random permutations,0.27896825,27720,"exact enumeration of 27,720 distinct arrangements (39,916,800 permutations)",0.9264216435499308,False,0.926422,0.929932,False,0.05,44
SUPPLEMENTARY precision refinement of p-values; not a re-analysis and not a locked output,confirmatory (kill),socialnetwork,Social Network,hybrid_criticality,ancestor_affected_count,False,11,-0.1436180734200655,-0.143618,0.6688331166883311,10000 random permutations,0.66948052,9240,"exact enumeration of 9,240 distinct arrangements (39,916,800 permutations)",0.9924812030075189,False,0.992481,0.992481,False,0.05,44
SUPPLEMENTARY precision refinement of p-values; not a re-analysis and not a locked output,confirmatory (kill),socialnetwork,Social Network,hybrid_criticality,T_rec,False,11,0.0979236493186932,0.097924,0.76992300769923,10000 random permutations,0.77162278,1663200,"exact enumeration of 1,663,200 distinct arrangements (39,916,800 permutations)",0.9924812030075189,False,0.992481,0.992481,False,0.05,44
SUPPLEMENTARY precision refinement of p-values; not a re-analysis and not a locked output,confirmatory (kill),socialnetwork,Social Network,degree,ancestor_affected_count,False,11,-0.3416324152979638,-0.341632,0.2947705229477052,10000 random permutations,0.29588745,9240,"exact enumeration of 9,240 distinct arrangements (39,916,800 permutations)",0.9264216435499308,False,0.926422,0.929932,False,0.05,44
SUPPLEMENTARY precision refinement of p-values; not a re-analysis and not a locked output,confirmatory (kill),socialnetwork,Social Network,degree,T_rec,False,11,0.1624582840729488,0.162458,0.6214378562143785,10000 random permutations,0.62709957,69300,"exact enumeration of 69,300 distinct arrangements (39,916,800 permutations)",0.9924812030075189,False,0.992481,0.992481,False,0.05,44
SUPPLEMENTARY precision refinement of p-values; not a re-analysis and not a locked output,confirmatory (kill),socialnetwork,Social Network,in_degree,ancestor_affected_count,False,11,0.3371265363325844,0.337127,0.3382661733826617,10000 random permutations,0.33939394,2310,"exact enumeration of 2,310 distinct arrangements (39,916,800 permutations)",0.9922474419224744,False,0.992247,0.992481,False,0.05,44
SUPPLEMENTARY precision refinement of p-values; not a re-analysis and not a locked output,confirmatory (kill),socialnetwork,Social Network,in_degree,T_rec,False,11,-0.0893916527417894,-0.089392,0.7978202179782021,10000 random permutations,0.7965368,2310,"exact enumeration of 2,310 distinct arrangements (39,916,800 permutations)",0.9924812030075189,False,0.992481,0.992481,False,0.05,44
SUPPLEMENTARY precision refinement of p-values; not a re-analysis and not a locked output,confirmatory (kill),socialnetwork,Social Network,out_degree,ancestor_affected_count,False,11,-0.5439642550471052,-0.543964,0.0941905809419058,10000 random permutations,0.0952381,9240,"exact enumeration of 9,240 distinct arrangements (39,916,800 permutations)",0.419047619047619,False,0.419048,0.419048,False,0.05,44
SUPPLEMENTARY precision refinement of p-values; not a re-analysis and not a locked output,confirmatory (kill),socialnetwork,Social Network,out_degree,T_rec,False,11,0.2197885552244708,0.219789,0.5168483151684832,10000 random permutations,0.51103896,13860,"exact enumeration of 13,860 distinct arrangements (39,916,800 permutations)",0.9924812030075189,False,0.992481,0.992481,False,0.05,44
SUPPLEMENTARY precision refinement of p-values; not a re-analysis and not a locked output,confirmatory (kill),socialnetwork,Social Network,betweenness,ancestor_affected_count,False,11,-0.4672410197361906,-0.467241,0.1484851514848515,10000 random permutations,0.15097403,9240,"exact enumeration of 9,240 distinct arrangements (39,916,800 permutations)",0.5444455554444555,False,0.544446,0.553571,False,0.05,44
SUPPLEMENTARY precision refinement of p-values; not a re-analysis and not a locked output,confirmatory (kill),socialnetwork,Social Network,betweenness,T_rec,False,11,0.1564957804078111,0.156496,0.6401359864013598,10000 random permutations,0.64136003,55440,"exact enumeration of 55,440 distinct arrangements (39,916,800 permutations)",0.9924812030075189,False,0.992481,0.992481,False,0.05,44
SUPPLEMENTARY precision refinement of p-values; not a re-analysis and not a locked output,confirmatory (kill),socialnetwork,Social Network,closeness,ancestor_affected_count,False,11,0.5995643932569622,0.599564,0.0548945105489451,10000 random permutations,0.05562771,9240,"exact enumeration of 9,240 distinct arrangements (39,916,800 permutations)",0.3450512091647978,False,0.345051,0.34966,False,0.05,44
SUPPLEMENTARY precision refinement of p-values; not a re-analysis and not a locked output,confirmatory (kill),socialnetwork,Social Network,closeness,T_rec,False,11,-0.212485298629677,-0.212485,0.5234476552344766,10000 random permutations,0.52586159,1663200,"exact enumeration of 1,663,200 distinct arrangements (39,916,800 permutations)",0.9924812030075189,False,0.992481,0.992481,False,0.05,44
SUPPLEMENTARY precision refinement of p-values; not a re-analysis and not a locked output,confirmatory (kill),socialnetwork,Social Network,pagerank,ancestor_affected_count,False,11,0.6742067924018006,0.674207,0.0255974402559744,10000 random permutations,0.02727273,9240,"exact enumeration of 9,240 distinct arrangements (39,916,800 permutations)",0.3450512091647978,False,0.345051,0.349206,False,0.05,44
SUPPLEMENTARY precision refinement of p-values; not a re-analysis and not a locked output,confirmatory (kill),socialnetwork,Social Network,pagerank,T_rec,False,11,-0.235033024188904,-0.235033,0.4803519648035196,10000 random permutations,,3326400,"not enumerated: 3,326,400 distinct arrangements exceed the 3,000,000 limit",0.9924812030075189,False,0.992481,0.992481,False,0.05,44
SUPPLEMENTARY precision refinement of p-values; not a re-analysis and not a locked output,confirmatory (kill),socialnetwork,Social Network,composite_score,ancestor_affected_count,False,11,0.273103708065482,-0.273104,0.4013598640135986,10000 random permutations,0.41212121,9240,"exact enumeration of 9,240 distinct arrangements (39,916,800 permutations)",0.9924812030075189,False,0.992481,0.992481,False,0.05,44
SUPPLEMENTARY precision refinement of p-values; not a re-analysis and not a locked output,confirmatory (kill),socialnetwork,Social Network,composite_score,T_rec,False,11,-0.0712660626296483,0.071266,0.8317168283171683,10000 random permutations,0.83353295,2494800,"exact enumeration of 2,494,800 distinct arrangements (39,916,800 permutations)",0.9924812030075189,False,0.992481,0.992481,False,0.05,44
SUPPLEMENTARY precision refinement of p-values; not a re-analysis and not a locked output,confirmatory (kill),socialnetwork,Social Network,descendant_count,ancestor_affected_count,False,11,-0.5424840774597737,-0.542484,0.0906909309069093,10000 random permutations,0.08874459,9240,"exact enumeration of 9,240 distinct arrangements (39,916,800 permutations)",0.419047619047619,False,0.419048,0.419048,False,0.05,44
SUPPLEMENTARY precision refinement of p-values; not a re-analysis and not a locked output,confirmatory (kill),socialnetwork,Social Network,descendant_count,T_rec,False,11,0.2266628930889098,0.226663,0.4907509249075092,10000 random permutations,0.4963925,27720,"exact enumeration of 27,720 distinct arrangements (39,916,800 permutations)",0.9924812030075189,False,0.992481,0.992481,False,0.05,44
SUPPLEMENTARY precision refinement of p-values; not a re-analysis and not a locked output,confirmatory (kill),socialnetwork,Social Network,dominator_subtree_size,ancestor_affected_count,False,11,-0.5574706096853747,-0.557471,0.1094890510948905,10000 random permutations,0.10909091,110,"exact enumeration of 110 distinct arrangements (39,916,800 permutations)",0.437956204379562,False,0.437956,0.436364,False,0.05,44
SUPPLEMENTARY precision refinement of p-values; not a re-analysis and not a locked output,confirmatory (kill),socialnetwork,Social Network,dominator_subtree_size,T_rec,False,11,0.1283901018959023,0.12839,0.6985301469853015,10000 random permutations,0.7,110,"exact enumeration of 110 distinct arrangements (39,916,800 permutations)",0.9924812030075189,False,0.992481,0.992481,False,0.05,44
SUPPLEMENTARY precision refinement of p-values; not a re-analysis and not a locked output,confirmatory (kill),hotelreservation,Hotel Reservation,ancestor_count,ancestor_affected_count,False,7,1.0,1.0,0.0476190476190476,exact enumeration of 5040 permutations,0.04761905,21,"exact enumeration of 21 distinct arrangements (5,040 permutations)",0.3450512091647978,False,0.345051,0.349206,False,0.05,44
SUPPLEMENTARY precision refinement of p-values; not a re-analysis and not a locked output,confirmatory (kill),hotelreservation,Hotel Reservation,ancestor_count,T_rec,False,7,-0.1581138830084189,-0.158114,0.8571428571428571,exact enumeration of 5040 permutations,0.85714286,21,"exact enumeration of 21 distinct arrangements (5,040 permutations)",0.9924812030075189,False,0.992481,0.992481,False,0.05,44
SUPPLEMENTARY precision refinement of p-values; not a re-analysis and not a locked output,confirmatory (kill),hotelreservation,Hotel Reservation,hybrid_criticality,ancestor_affected_count,False,7,-0.2581988897471611,-0.258199,1.0,exact enumeration of 5040 permutations,1.0,7,"exact enumeration of 7 distinct arrangements (5,040 permutations)",1.0,False,1.0,1.0,False,0.05,44
SUPPLEMENTARY precision refinement of p-values; not a re-analysis and not a locked output,confirmatory (kill),hotelreservation,Hotel Reservation,hybrid_criticality,T_rec,False,7,0.2041241452319314,0.204124,0.8571428571428571,exact enumeration of 5040 permutations,0.85714286,7,"exact enumeration of 7 distinct arrangements (5,040 permutations)",0.9924812030075189,False,0.992481,0.992481,False,0.05,44
SUPPLEMENTARY precision refinement of p-values; not a re-analysis and not a locked output,confirmatory (kill),hotelreservation,Hotel Reservation,degree,ancestor_affected_count,False,7,-0.2581988897471611,-0.258199,1.0,exact enumeration of 5040 permutations,1.0,7,"exact enumeration of 7 distinct arrangements (5,040 permutations)",1.0,False,1.0,1.0,False,0.05,44
SUPPLEMENTARY precision refinement of p-values; not a re-analysis and not a locked output,confirmatory (kill),hotelreservation,Hotel Reservation,degree,T_rec,False,7,0.2041241452319314,0.204124,0.8571428571428571,exact enumeration of 5040 permutations,0.85714286,7,"exact enumeration of 7 distinct arrangements (5,040 permutations)",0.9924812030075189,False,0.992481,0.992481,False,0.05,44
SUPPLEMENTARY precision refinement of p-values; not a re-analysis and not a locked output,confirmatory (kill),hotelreservation,Hotel Reservation,out_degree,ancestor_affected_count,False,7,-0.2581988897471611,-0.258199,1.0,exact enumeration of 5040 permutations,1.0,7,"exact enumeration of 7 distinct arrangements (5,040 permutations)",1.0,False,1.0,1.0,False,0.05,44
SUPPLEMENTARY precision refinement of p-values; not a re-analysis and not a locked output,confirmatory (kill),hotelreservation,Hotel Reservation,out_degree,T_rec,False,7,0.2041241452319314,0.204124,0.8571428571428571,exact enumeration of 5040 permutations,0.85714286,7,"exact enumeration of 7 distinct arrangements (5,040 permutations)",0.9924812030075189,False,0.992481,0.992481,False,0.05,44
SUPPLEMENTARY precision refinement of p-values; not a re-analysis and not a locked output,confirmatory (kill),hotelreservation,Hotel Reservation,betweenness,ancestor_affected_count,False,7,-0.2581988897471611,-0.258199,1.0,exact enumeration of 5040 permutations,1.0,7,"exact enumeration of 7 distinct arrangements (5,040 permutations)",1.0,False,1.0,1.0,False,0.05,44
SUPPLEMENTARY precision refinement of p-values; not a re-analysis and not a locked output,confirmatory (kill),hotelreservation,Hotel Reservation,betweenness,T_rec,False,7,0.2041241452319314,0.204124,0.8571428571428571,exact enumeration of 5040 permutations,0.85714286,7,"exact enumeration of 7 distinct arrangements (5,040 permutations)",0.9924812030075189,False,0.992481,0.992481,False,0.05,44
SUPPLEMENTARY precision refinement of p-values; not a re-analysis and not a locked output,confirmatory (kill),hotelreservation,Hotel Reservation,closeness,ancestor_affected_count,False,7,1.0,1.0,0.0476190476190476,exact enumeration of 5040 permutations,0.04761905,21,"exact enumeration of 21 distinct arrangements (5,040 permutations)",0.3450512091647978,False,0.345051,0.349206,False,0.05,44
SUPPLEMENTARY precision refinement of p-values; not a re-analysis and not a locked output,confirmatory (kill),hotelreservation,Hotel Reservation,closeness,T_rec,False,7,-0.1581138830084189,-0.158114,0.8571428571428571,exact enumeration of 5040 permutations,0.85714286,21,"exact enumeration of 21 distinct arrangements (5,040 permutations)",0.9924812030075189,False,0.992481,0.992481,False,0.05,44
SUPPLEMENTARY precision refinement of p-values; not a re-analysis and not a locked output,confirmatory (kill),hotelreservation,Hotel Reservation,eigenvector,ancestor_affected_count,False,7,1.0,1.0,0.0476190476190476,exact enumeration of 5040 permutations,0.04761905,21,"exact enumeration of 21 distinct arrangements (5,040 permutations)",0.3450512091647978,False,0.345051,0.349206,False,0.05,44
SUPPLEMENTARY precision refinement of p-values; not a re-analysis and not a locked output,confirmatory (kill),hotelreservation,Hotel Reservation,eigenvector,T_rec,False,7,-0.1581138830084189,-0.158114,0.8571428571428571,exact enumeration of 5040 permutations,0.85714286,21,"exact enumeration of 21 distinct arrangements (5,040 permutations)",0.9924812030075189,False,0.992481,0.992481,False,0.05,44
SUPPLEMENTARY precision refinement of p-values; not a re-analysis and not a locked output,confirmatory (kill),hotelreservation,Hotel Reservation,pagerank,ancestor_affected_count,False,7,0.8050764858994133,0.805076,0.0476190476190476,exact enumeration of 5040 permutations,0.04761905,21,"exact enumeration of 21 distinct arrangements (5,040 permutations)",0.3450512091647978,False,0.345051,0.349206,False,0.05,44
SUPPLEMENTARY precision refinement of p-values; not a re-analysis and not a locked output,confirmatory (kill),hotelreservation,Hotel Reservation,pagerank,T_rec,False,7,-0.363696483726654,-0.363696,0.4222222222222222,exact enumeration of 5040 permutations,0.42222222,1260,"exact enumeration of 1,260 distinct arrangements (5,040 permutations)",0.9924812030075189,False,0.992481,0.992481,False,0.05,44
SUPPLEMENTARY precision refinement of p-values; not a re-analysis and not a locked output,confirmatory (kill),hotelreservation,Hotel Reservation,composite_score,ancestor_affected_count,False,7,0.7977240352174657,-0.797724,0.0952380952380952,exact enumeration of 5040 permutations,0.0952381,21,"exact enumeration of 21 distinct arrangements (5,040 permutations)",0.419047619047619,False,0.419048,0.419048,False,0.05,44
SUPPLEMENTARY precision refinement of p-values; not a re-analysis and not a locked output,confirmatory (kill),hotelreservation,Hotel Reservation,composite_score,T_rec,False,7,-0.2342437403008453,0.234244,0.6134920634920635,exact enumeration of 5040 permutations,0.61349206,2520,"exact enumeration of 2,520 distinct arrangements (5,040 permutations)",0.9924812030075189,False,0.992481,0.992481,False,0.05,44
SUPPLEMENTARY precision refinement of p-values; not a re-analysis and not a locked output,confirmatory (kill),hotelreservation,Hotel Reservation,descendant_count,ancestor_affected_count,False,7,-0.2581988897471611,-0.258199,1.0,exact enumeration of 5040 permutations,1.0,7,"exact enumeration of 7 distinct arrangements (5,040 permutations)",1.0,False,1.0,1.0,False,0.05,44
SUPPLEMENTARY precision refinement of p-values; not a re-analysis and not a locked output,confirmatory (kill),hotelreservation,Hotel Reservation,descendant_count,T_rec,False,7,0.2041241452319314,0.204124,0.8571428571428571,exact enumeration of 5040 permutations,0.85714286,7,"exact enumeration of 7 distinct arrangements (5,040 permutations)",0.9924812030075189,False,0.992481,0.992481,False,0.05,44
SUPPLEMENTARY precision refinement of p-values; not a re-analysis and not a locked output,confirmatory (kill),hotelreservation,Hotel Reservation,dominator_subtree_size,ancestor_affected_count,False,7,-0.2581988897471611,-0.258199,1.0,exact enumeration of 5040 permutations,1.0,7,"exact enumeration of 7 distinct arrangements (5,040 permutations)",1.0,False,1.0,1.0,False,0.05,44
SUPPLEMENTARY precision refinement of p-values; not a re-analysis and not a locked output,confirmatory (kill),hotelreservation,Hotel Reservation,dominator_subtree_size,T_rec,False,7,0.2041241452319314,0.204124,0.8571428571428571,exact enumeration of 5040 permutations,0.85714286,7,"exact enumeration of 7 distinct arrangements (5,040 permutations)",0.9924812030075189,False,0.992481,0.992481,False,0.05,44
