family,fault_type,architecture,architecture_label,predictor,outcome,n_services,predictor_levels,outcome_levels,spearman_rho,p_permutation,p_method,n_permutations,ci_lo,ci_hi,ci_method,ci_note,confirmatory,label,hr_directional_only,p_bh_adjusted,significant_after_fdr,fdr_q,family_size
exploratory,latency,socialnetwork,Social Network,ancestor_count,delta_p95_ms,11,4,11,-0.17380963785069634,0.6103389661033897,10000 random permutations,10000,-0.7931219225153996,0.5915642604489996,BCa,z0=0.0199 a=-0.0380,False,EXPLORATORY,False,0.9429382643131036,False,0.05,66
exploratory,latency,socialnetwork,Social Network,hybrid_criticality,delta_p95_ms,11,8,11,0.9490938946064403,9.999000099990002e-05,10000 random permutations,10000,0.8904646635259312,1.0,BCa,z0=0.4843 a=0.0584,False,EXPLORATORY,False,0.0032996700329967006,True,0.05,66
exploratory,latency,socialnetwork,Social Network,degree,delta_p95_ms,11,5,11,0.9534625892455922,9.999000099990002e-05,10000 random permutations,10000,0.8700628401410972,0.9975932576417644,BCa,z0=0.1736 a=0.0513,False,EXPLORATORY,False,0.0032996700329967006,True,0.05,66
exploratory,latency,socialnetwork,Social Network,in_degree,delta_p95_ms,11,3,11,0.5351295510095069,0.1060893910608939,10000 random permutations,10000,-0.3255477052771451,0.8740073734751264,BCa,z0=-0.0324 a=-0.1190,False,EXPLORATORY,False,0.3889944338899443,False,0.05,66
exploratory,latency,socialnetwork,Social Network,out_degree,delta_p95_ms,11,4,11,0.7326228324349897,0.012598740125987402,10000 random permutations,10000,0.1497801416326707,0.9358834291607349,BCa,z0=-0.0682 a=-0.0457,False,EXPLORATORY,False,0.0912908709129087,False,0.05,66
exploratory,latency,socialnetwork,Social Network,betweenness,delta_p95_ms,11,6,11,0.6741269720513892,0.026497350264973504,10000 random permutations,10000,0.014720214798941532,0.8965157419927046,BCa,z0=-0.0752 a=-0.0329,False,EXPLORATORY,False,0.11658834116588342,False,0.05,66
exploratory,latency,socialnetwork,Social Network,closeness,delta_p95_ms,11,7,11,0.2534804458900097,0.44685531446855314,10000 random permutations,10000,-0.6521719254345946,0.8307919422201567,BCa,z0=-0.0201 a=-0.1170,False,EXPLORATORY,False,0.9198606271777003,False,0.05,66
exploratory,latency,socialnetwork,Social Network,pagerank,delta_p95_ms,11,8,11,0.28047829882173875,0.4066593340665933,10000 random permutations,10000,-0.47626372966713704,0.8058534523918669,BCa,z0=-0.0863 a=0.0400,False,EXPLORATORY,False,0.8946505349465053,False,0.05,66
exploratory,latency,socialnetwork,Social Network,composite_score,delta_p95_ms,11,7,11,0.7752619846098122,0.0071992800719928,10000 random permutations,10000,0.09004739336492891,0.9637797109859565,BCa,z0=-0.0974 a=-0.0183,False,EXPLORATORY,False,0.0912908709129087,False,0.05,66
exploratory,latency,socialnetwork,Social Network,descendant_count,delta_p95_ms,11,5,11,0.7505103665351198,0.013298670132986702,10000 random permutations,10000,0.09287152366798251,0.945691272988002,BCa,z0=-0.1031 a=-0.0408,False,EXPLORATORY,False,0.0912908709129087,False,0.05,66
exploratory,latency,socialnetwork,Social Network,dominator_subtree_size,delta_p95_ms,11,3,11,0.40451991747794525,0.2410758924107589,10000 random permutations,10000,-0.22566773346211003,0.7872218936609645,BCa,z0=-0.2541 a=0.1049,False,EXPLORATORY,False,0.6119618807350033,False,0.05,66
exploratory,latency,hotelreservation,Hotel Reservation,ancestor_count,delta_p95_ms,7,2,7,0.31622776601683794,0.5714285714285714,exact enumeration of 5040 permutations,5040,-0.641688947919748,0.898717034272917,BCa,z0=-0.1788 a=0.0339,False,EXPLORATORY,True,0.9198606271777003,False,0.05,66
exploratory,latency,hotelreservation,Hotel Reservation,hybrid_criticality,delta_p95_ms,7,2,7,0.20412414523193148,0.8571428571428571,exact enumeration of 5040 permutations,5040,-0.8819171036881969,0.6354889093022426,BCa,z0=-0.2516 a=-0.0481,False,EXPLORATORY,True,0.9588377723970944,False,0.05,66
exploratory,latency,hotelreservation,Hotel Reservation,degree,delta_p95_ms,7,2,7,0.20412414523193148,0.8571428571428571,exact enumeration of 5040 permutations,5040,-0.8366600265340755,0.6294651817966898,BCa,z0=-0.2613 a=-0.0481,False,EXPLORATORY,True,0.9588377723970944,False,0.05,66
exploratory,latency,hotelreservation,Hotel Reservation,out_degree,delta_p95_ms,7,2,7,0.20412414523193148,0.8571428571428571,exact enumeration of 5040 permutations,5040,-0.5717938998706583,0.6294651817966898,BCa,z0=-0.2866 a=-0.0481,False,EXPLORATORY,True,0.9588377723970944,False,0.05,66
exploratory,latency,hotelreservation,Hotel Reservation,betweenness,delta_p95_ms,7,2,7,0.20412414523193148,0.8571428571428571,exact enumeration of 5040 permutations,5040,-0.8366600265340755,0.6236095644623236,BCa,z0=-0.2705 a=-0.0481,False,EXPLORATORY,True,0.9588377723970944,False,0.05,66
exploratory,latency,hotelreservation,Hotel Reservation,closeness,delta_p95_ms,7,2,7,0.31622776601683794,0.5714285714285714,exact enumeration of 5040 permutations,5040,-0.641688947919748,0.898717034272917,BCa,z0=-0.1701 a=0.0339,False,EXPLORATORY,True,0.9198606271777003,False,0.05,66
exploratory,latency,hotelreservation,Hotel Reservation,eigenvector,delta_p95_ms,7,2,7,0.31622776601683794,0.5714285714285714,exact enumeration of 5040 permutations,5040,-0.5291502622129182,0.9074852129730302,BCa,z0=-0.1373 a=0.0339,False,EXPLORATORY,True,0.9198606271777003,False,0.05,66
exploratory,latency,hotelreservation,Hotel Reservation,pagerank,delta_p95_ms,7,5,7,0.5637295497763136,0.1984126984126984,exact enumeration of 5040 permutations,5040,-0.6981132075471698,1.0,BCa,z0=-0.1324 a=0.0127,False,EXPLORATORY,True,0.5456349206349206,False,0.05,66
exploratory,latency,hotelreservation,Hotel Reservation,composite_score,delta_p95_ms,7,6,7,0.6126374746329801,0.15476190476190477,exact enumeration of 5040 permutations,5040,-0.68,1.0,BCa,z0=-0.1324 a=0.0134,False,EXPLORATORY,True,0.46428571428571436,False,0.05,66
exploratory,latency,hotelreservation,Hotel Reservation,descendant_count,delta_p95_ms,7,2,7,0.20412414523193148,0.8571428571428571,exact enumeration of 5040 permutations,5040,-0.8366600265340755,0.6236095644623236,BCa,z0=-0.2895 a=-0.0481,False,EXPLORATORY,True,0.9588377723970944,False,0.05,66
exploratory,latency,hotelreservation,Hotel Reservation,dominator_subtree_size,delta_p95_ms,7,2,7,0.20412414523193148,0.8571428571428571,exact enumeration of 5040 permutations,5040,-0.8366600265340755,0.6236095644623236,BCa,z0=-0.2949 a=-0.0481,False,EXPLORATORY,True,0.9588377723970944,False,0.05,66
exploratory,latency,socialnetwork,Social Network,ancestor_count,delta_p99_ms,11,4,11,-0.21243400181751776,0.5255474452554745,10000 random permutations,10000,-0.7128973637956516,0.4678377266426132,BCa,z0=0.0024 a=0.0204,False,EXPLORATORY,False,0.9198606271777003,False,0.05,66
exploratory,latency,socialnetwork,Social Network,hybrid_criticality,delta_p99_ms,11,8,11,0.7536922104227615,0.009499050094990502,10000 random permutations,10000,0.45333950359163,0.9568302967891134,BCa,z0=0.1632 a=0.0239,False,EXPLORATORY,False,0.0912908709129087,False,0.05,66
exploratory,latency,socialnetwork,Social Network,degree,delta_p99_ms,11,5,11,0.7913739490738416,0.004299570042995701,10000 random permutations,10000,0.4303876710308602,0.9534018355462965,BCa,z0=0.0715 a=-0.0207,False,EXPLORATORY,False,0.0912908709129087,False,0.05,66
exploratory,latency,socialnetwork,Social Network,in_degree,delta_p99_ms,11,3,11,0.48416483186574427,0.146985301469853,10000 random permutations,10000,-0.1978128653002932,0.7998247471591663,BCa,z0=-0.0338 a=-0.0549,False,EXPLORATORY,False,0.46195380461953794,False,0.05,66
exploratory,latency,socialnetwork,Social Network,out_degree,delta_p99_ms,11,4,11,0.7027198596825411,0.022097790220977902,10000 random permutations,10000,0.1687389148885244,0.8543171658729639,BCa,z0=-0.0112 a=-0.0312,False,EXPLORATORY,False,0.10417529675603868,False,0.05,66
exploratory,latency,socialnetwork,Social Network,betweenness,delta_p99_ms,11,6,11,0.72369513176105,0.015398460153984602,10000 random permutations,10000,0.18267029016377162,0.8846517369293827,BCa,z0=0.0147 a=-0.0735,False,EXPLORATORY,False,0.0912908709129087,False,0.05,66
exploratory,latency,socialnetwork,Social Network,closeness,delta_p99_ms,11,7,11,0.23504550437073626,0.48325167483251674,10000 random permutations,10000,-0.5354759425020374,0.7715000977252359,BCa,z0=-0.0018 a=-0.0596,False,EXPLORATORY,False,0.9198606271777003,False,0.05,66
exploratory,latency,socialnetwork,Social Network,pagerank,delta_p99_ms,11,8,11,0.17012618125253007,0.6143385661433857,10000 random permutations,10000,-0.5213280503342339,0.7423951642481166,BCa,z0=-0.0351 a=0.0222,False,EXPLORATORY,False,0.9429382643131036,False,0.05,66
exploratory,latency,socialnetwork,Social Network,composite_score,delta_p99_ms,11,7,11,0.7202137963534943,0.015798420157984203,10000 random permutations,10000,0.19963680943862802,0.9567552422206318,BCa,z0=0.0030 a=-0.0326,False,EXPLORATORY,False,0.0912908709129087,False,0.05,66
exploratory,latency,socialnetwork,Social Network,descendant_count,delta_p99_ms,11,5,11,0.7107482279107427,0.0165983401659834,10000 random permutations,10000,0.22642517044360128,0.8646754023342339,BCa,z0=-0.0202 a=-0.0296,False,EXPLORATORY,False,0.0912908709129087,False,0.05,66
exploratory,latency,socialnetwork,Social Network,dominator_subtree_size,delta_p99_ms,11,3,11,0.24271195048676714,0.49075092490750927,10000 random permutations,10000,-0.22061458381226542,0.7349740919840988,BCa,z0=0.0128 a=0.0112,False,EXPLORATORY,False,0.9198606271777003,False,0.05,66
exploratory,latency,hotelreservation,Hotel Reservation,ancestor_count,delta_p99_ms,7,2,7,0.31622776601683794,0.5714285714285714,exact enumeration of 5040 permutations,5040,-0.641688947919748,0.9074852129730302,BCa,z0=-0.1390 a=0.0339,False,EXPLORATORY,True,0.9198606271777003,False,0.05,66
exploratory,latency,hotelreservation,Hotel Reservation,hybrid_criticality,delta_p99_ms,7,2,7,0.0,1.0,exact enumeration of 5040 permutations,5040,-0.9074852129730302,0.4537426064865151,BCa,z0=-0.2786 a=0.0000,False,EXPLORATORY,True,1.0,False,0.05,66
exploratory,latency,hotelreservation,Hotel Reservation,degree,delta_p99_ms,7,2,7,0.0,1.0,exact enumeration of 5040 permutations,5040,-0.8928249146688895,0.4537426064865151,BCa,z0=-0.2592 a=0.0000,False,EXPLORATORY,True,1.0,False,0.05,66
exploratory,latency,hotelreservation,Hotel Reservation,out_degree,delta_p99_ms,7,2,7,0.0,1.0,exact enumeration of 5040 permutations,5040,-0.8819171036881969,0.4537426064865151,BCa,z0=-0.2852 a=0.0000,False,EXPLORATORY,True,1.0,False,0.05,66
exploratory,latency,hotelreservation,Hotel Reservation,betweenness,delta_p99_ms,7,2,7,0.0,1.0,exact enumeration of 5040 permutations,5040,-0.9074852129730302,0.4537426064865151,BCa,z0=-0.2975 a=0.0000,False,EXPLORATORY,True,1.0,False,0.05,66
exploratory,latency,hotelreservation,Hotel Reservation,closeness,delta_p99_ms,7,2,7,0.31622776601683794,0.5714285714285714,exact enumeration of 5040 permutations,5040,-0.641688947919748,0.898717034272917,BCa,z0=-0.1629 a=0.0339,False,EXPLORATORY,True,0.9198606271777003,False,0.05,66
exploratory,latency,hotelreservation,Hotel Reservation,eigenvector,delta_p99_ms,7,2,7,0.31622776601683794,0.5714285714285714,exact enumeration of 5040 permutations,5040,-0.6294651817966898,0.9074852129730302,BCa,z0=-0.1369 a=0.0339,False,EXPLORATORY,True,0.9198606271777003,False,0.05,66
exploratory,latency,hotelreservation,Hotel Reservation,pagerank,delta_p99_ms,7,5,7,0.6546536707079771,0.12857142857142856,exact enumeration of 5040 permutations,5040,-0.5555555555555556,1.0,BCa,z0=-0.1475 a=-0.0251,False,EXPLORATORY,True,0.44661654135338336,False,0.05,66
exploratory,latency,hotelreservation,Hotel Reservation,composite_score,delta_p99_ms,7,6,7,0.5765999761251577,0.1865079365079365,exact enumeration of 5040 permutations,5040,-1.0,1.0,BCa,z0=-0.1414 a=0.0205,False,EXPLORATORY,True,0.5351966873706004,False,0.05,66
exploratory,latency,hotelreservation,Hotel Reservation,descendant_count,delta_p99_ms,7,2,7,0.0,1.0,exact enumeration of 5040 permutations,5040,-0.9074852129730302,0.4504426164614508,BCa,z0=-0.2906 a=0.0000,False,EXPLORATORY,True,1.0,False,0.05,66
exploratory,latency,hotelreservation,Hotel Reservation,dominator_subtree_size,delta_p99_ms,7,2,7,0.0,1.0,exact enumeration of 5040 permutations,5040,-0.9074852129730302,0.4504426164614508,BCa,z0=-0.3113 a=0.0000,False,EXPLORATORY,True,1.0,False,0.05,66
exploratory,kill,socialnetwork,Social Network,ancestor_count,delta_error_rate,11,4,10,0.026614807318895647,0.9411058894110589,10000 random permutations,10000,-0.5555607310959662,0.7397618742375394,BCa,z0=0.0045 a=0.0615,False,EXPLORATORY,False,1.0,False,0.05,66
exploratory,kill,socialnetwork,Social Network,hybrid_criticality,delta_error_rate,11,8,10,0.7857207100095148,0.0065993400659934,10000 random permutations,10000,0.47187801438775806,0.971830985915493,BCa,z0=0.1527 a=-0.0068,False,EXPLORATORY,False,0.0912908709129087,False,0.05,66
exploratory,kill,socialnetwork,Social Network,degree,delta_error_rate,11,5,10,0.6522222287046329,0.033996600339966,10000 random permutations,10000,0.041889187350987,0.8819446296203712,BCa,z0=0.0524 a=-0.0845,False,EXPLORATORY,False,0.14023597640235977,False,0.05,66
exploratory,kill,socialnetwork,Social Network,in_degree,delta_error_rate,11,3,10,0.7151332219343157,0.021597840215978402,10000 random permutations,10000,0.17888234632347225,0.9236236077106188,BCa,z0=-0.0681 a=-0.0130,False,EXPLORATORY,False,0.10417529675603868,False,0.05,66
exploratory,kill,socialnetwork,Social Network,out_degree,delta_error_rate,11,4,10,0.30970205508902704,0.34556544345565443,10000 random permutations,10000,-0.5123661255941291,0.8436945744426221,BCa,z0=-0.0161 a=-0.0736,False,EXPLORATORY,False,0.7864592851059722,False,0.05,66
exploratory,kill,socialnetwork,Social Network,betweenness,delta_error_rate,11,6,10,0.22853352059553367,0.48855114488551143,10000 random permutations,10000,-0.598668594448998,0.7804700439231209,BCa,z0=-0.0036 a=-0.0711,False,EXPLORATORY,False,0.9198606271777003,False,0.05,66
exploratory,kill,socialnetwork,Social Network,closeness,delta_error_rate,11,7,10,0.47809192191677324,0.13998600139986,10000 random permutations,10000,-0.29439719743390247,0.8994010592356584,BCa,z0=-0.0323 a=-0.0295,False,EXPLORATORY,False,0.46195380461953794,False,0.05,66
exploratory,kill,socialnetwork,Social Network,pagerank,delta_error_rate,11,8,10,0.40785142432780414,0.21907809219078092,10000 random permutations,10000,-0.3115170685867968,0.8850714088467025,BCa,z0=-0.0763 a=0.0454,False,EXPLORATORY,False,0.5783661633836616,False,0.05,66
exploratory,kill,socialnetwork,Social Network,composite_score,delta_error_rate,11,7,10,0.7264540577731897,0.0143985601439856,10000 random permutations,10000,0.3129328130621045,0.971830985915493,BCa,z0=0.0816 a=-0.0059,False,EXPLORATORY,False,0.0912908709129087,False,0.05,66
exploratory,kill,socialnetwork,Social Network,descendant_count,delta_error_rate,11,5,10,0.3487121432137075,0.2977702229777022,10000 random permutations,10000,-0.425266367029005,0.8485360480840058,BCa,z0=-0.0179 a=-0.0673,False,EXPLORATORY,False,0.7278827672788276,False,0.05,66
exploratory,kill,socialnetwork,Social Network,dominator_subtree_size,delta_error_rate,11,3,10,-0.10811798054391776,0.7530246975302469,10000 random permutations,10000,-0.6866065623255951,0.5290128741118842,BCa,z0=-0.0052 a=0.0071,False,EXPLORATORY,False,0.9588377723970944,False,0.05,66
exploratory,kill,hotelreservation,Hotel Reservation,ancestor_count,delta_error_rate,7,2,7,0.15811388300841897,0.8571428571428571,exact enumeration of 5040 permutations,5040,-0.9074852129730302,0.820412654142367,BCa,z0=-0.1894 a=-0.0408,False,EXPLORATORY,True,0.9588377723970944,False,0.05,66
exploratory,kill,hotelreservation,Hotel Reservation,hybrid_criticality,delta_error_rate,7,2,7,-0.20412414523193148,0.8571428571428571,exact enumeration of 5040 permutations,5040,-0.6236095644623236,0.6831300510639732,BCa,z0=0.2761 a=0.0481,False,EXPLORATORY,True,0.9588377723970944,False,0.05,66
exploratory,kill,hotelreservation,Hotel Reservation,degree,delta_error_rate,7,2,7,-0.20412414523193148,0.8571428571428571,exact enumeration of 5040 permutations,5040,-0.641688947919748,0.5291502622129182,BCa,z0=0.2352 a=0.0481,False,EXPLORATORY,True,0.9588377723970944,False,0.05,66
exploratory,kill,hotelreservation,Hotel Reservation,out_degree,delta_error_rate,7,2,7,-0.20412414523193148,0.8571428571428571,exact enumeration of 5040 permutations,5040,-0.641688947919748,0.6831300510639732,BCa,z0=0.2714 a=0.0481,False,EXPLORATORY,True,0.9588377723970944,False,0.05,66
exploratory,kill,hotelreservation,Hotel Reservation,betweenness,delta_error_rate,7,2,7,-0.20412414523193148,0.8571428571428571,exact enumeration of 5040 permutations,5040,-0.6354889093022426,0.8366600265340755,BCa,z0=0.2543 a=0.0481,False,EXPLORATORY,True,0.9588377723970944,False,0.05,66
exploratory,kill,hotelreservation,Hotel Reservation,closeness,delta_error_rate,7,2,7,0.15811388300841897,0.8571428571428571,exact enumeration of 5040 permutations,5040,-0.9074852129730302,0.8126360553720011,BCa,z0=-0.2016 a=-0.0408,False,EXPLORATORY,True,0.9588377723970944,False,0.05,66
exploratory,kill,hotelreservation,Hotel Reservation,eigenvector,delta_error_rate,7,2,7,0.15811388300841897,0.8571428571428571,exact enumeration of 5040 permutations,5040,-0.9165151389911681,0.8126360553720011,BCa,z0=-0.2170 a=-0.0408,False,EXPLORATORY,True,0.9588377723970944,False,0.05,66
exploratory,kill,hotelreservation,Hotel Reservation,pagerank,delta_error_rate,7,5,7,0.6910233190806425,0.09523809523809523,exact enumeration of 5040 permutations,5040,-0.7985836518841366,0.97182531580755,BCa,z0=-0.2803 a=0.0182,False,EXPLORATORY,True,0.3697478991596639,False,0.05,66
exploratory,kill,hotelreservation,Hotel Reservation,composite_score,delta_error_rate,7,6,7,0.4504687313477795,0.3111111111111111,exact enumeration of 5040 permutations,5040,-0.6288281455225324,1.0,BCa,z0=-0.0186 a=0.0512,False,EXPLORATORY,True,0.7333333333333334,False,0.05,66
exploratory,kill,hotelreservation,Hotel Reservation,descendant_count,delta_error_rate,7,2,7,-0.20412414523193148,0.8571428571428571,exact enumeration of 5040 permutations,5040,-0.6354889093022426,0.7713409652359338,BCa,z0=0.2587 a=0.0481,False,EXPLORATORY,True,0.9588377723970944,False,0.05,66
exploratory,kill,hotelreservation,Hotel Reservation,dominator_subtree_size,delta_error_rate,7,2,7,-0.20412414523193148,0.8571428571428571,exact enumeration of 5040 permutations,5040,-0.641688947919748,0.5291502622129182,BCa,z0=0.2326 a=0.0481,False,EXPLORATORY,True,0.9588377723970944,False,0.05,66
exploratory,kill,socialnetwork,Social Network,ancestor_count,descendant_affected_count,11,4,1,,,undefined (a variable is constant),0,,,undefined,point estimate undefined,False,EXPLORATORY,False,,False,0.05,66
exploratory,kill,socialnetwork,Social Network,hybrid_criticality,descendant_affected_count,11,8,1,,,undefined (a variable is constant),0,,,undefined,point estimate undefined,False,EXPLORATORY,False,,False,0.05,66
exploratory,kill,socialnetwork,Social Network,degree,descendant_affected_count,11,5,1,,,undefined (a variable is constant),0,,,undefined,point estimate undefined,False,EXPLORATORY,False,,False,0.05,66
exploratory,kill,socialnetwork,Social Network,in_degree,descendant_affected_count,11,3,1,,,undefined (a variable is constant),0,,,undefined,point estimate undefined,False,EXPLORATORY,False,,False,0.05,66
exploratory,kill,socialnetwork,Social Network,out_degree,descendant_affected_count,11,4,1,,,undefined (a variable is constant),0,,,undefined,point estimate undefined,False,EXPLORATORY,False,,False,0.05,66
exploratory,kill,socialnetwork,Social Network,betweenness,descendant_affected_count,11,6,1,,,undefined (a variable is constant),0,,,undefined,point estimate undefined,False,EXPLORATORY,False,,False,0.05,66
exploratory,kill,socialnetwork,Social Network,closeness,descendant_affected_count,11,7,1,,,undefined (a variable is constant),0,,,undefined,point estimate undefined,False,EXPLORATORY,False,,False,0.05,66
exploratory,kill,socialnetwork,Social Network,pagerank,descendant_affected_count,11,8,1,,,undefined (a variable is constant),0,,,undefined,point estimate undefined,False,EXPLORATORY,False,,False,0.05,66
exploratory,kill,socialnetwork,Social Network,composite_score,descendant_affected_count,11,7,1,,,undefined (a variable is constant),0,,,undefined,point estimate undefined,False,EXPLORATORY,False,,False,0.05,66
exploratory,kill,socialnetwork,Social Network,descendant_count,descendant_affected_count,11,5,1,,,undefined (a variable is constant),0,,,undefined,point estimate undefined,False,EXPLORATORY,False,,False,0.05,66
exploratory,kill,socialnetwork,Social Network,dominator_subtree_size,descendant_affected_count,11,3,1,,,undefined (a variable is constant),0,,,undefined,point estimate undefined,False,EXPLORATORY,False,,False,0.05,66
exploratory,kill,hotelreservation,Hotel Reservation,ancestor_count,descendant_affected_count,7,2,1,,,undefined (a variable is constant),0,,,undefined,point estimate undefined,False,EXPLORATORY,True,,False,0.05,66
exploratory,kill,hotelreservation,Hotel Reservation,hybrid_criticality,descendant_affected_count,7,2,1,,,undefined (a variable is constant),0,,,undefined,point estimate undefined,False,EXPLORATORY,True,,False,0.05,66
exploratory,kill,hotelreservation,Hotel Reservation,degree,descendant_affected_count,7,2,1,,,undefined (a variable is constant),0,,,undefined,point estimate undefined,False,EXPLORATORY,True,,False,0.05,66
exploratory,kill,hotelreservation,Hotel Reservation,out_degree,descendant_affected_count,7,2,1,,,undefined (a variable is constant),0,,,undefined,point estimate undefined,False,EXPLORATORY,True,,False,0.05,66
exploratory,kill,hotelreservation,Hotel Reservation,betweenness,descendant_affected_count,7,2,1,,,undefined (a variable is constant),0,,,undefined,point estimate undefined,False,EXPLORATORY,True,,False,0.05,66
exploratory,kill,hotelreservation,Hotel Reservation,closeness,descendant_affected_count,7,2,1,,,undefined (a variable is constant),0,,,undefined,point estimate undefined,False,EXPLORATORY,True,,False,0.05,66
exploratory,kill,hotelreservation,Hotel Reservation,eigenvector,descendant_affected_count,7,2,1,,,undefined (a variable is constant),0,,,undefined,point estimate undefined,False,EXPLORATORY,True,,False,0.05,66
exploratory,kill,hotelreservation,Hotel Reservation,pagerank,descendant_affected_count,7,5,1,,,undefined (a variable is constant),0,,,undefined,point estimate undefined,False,EXPLORATORY,True,,False,0.05,66
exploratory,kill,hotelreservation,Hotel Reservation,composite_score,descendant_affected_count,7,6,1,,,undefined (a variable is constant),0,,,undefined,point estimate undefined,False,EXPLORATORY,True,,False,0.05,66
exploratory,kill,hotelreservation,Hotel Reservation,descendant_count,descendant_affected_count,7,2,1,,,undefined (a variable is constant),0,,,undefined,point estimate undefined,False,EXPLORATORY,True,,False,0.05,66
exploratory,kill,hotelreservation,Hotel Reservation,dominator_subtree_size,descendant_affected_count,7,2,1,,,undefined (a variable is constant),0,,,undefined,point estimate undefined,False,EXPLORATORY,True,,False,0.05,66
exploratory,latency,socialnetwork,Social Network,ancestor_count,descendant_affected_count,11,4,1,,,undefined (a variable is constant),0,,,undefined,point estimate undefined,False,EXPLORATORY,False,,False,0.05,66
exploratory,latency,socialnetwork,Social Network,hybrid_criticality,descendant_affected_count,11,8,1,,,undefined (a variable is constant),0,,,undefined,point estimate undefined,False,EXPLORATORY,False,,False,0.05,66
exploratory,latency,socialnetwork,Social Network,degree,descendant_affected_count,11,5,1,,,undefined (a variable is constant),0,,,undefined,point estimate undefined,False,EXPLORATORY,False,,False,0.05,66
exploratory,latency,socialnetwork,Social Network,in_degree,descendant_affected_count,11,3,1,,,undefined (a variable is constant),0,,,undefined,point estimate undefined,False,EXPLORATORY,False,,False,0.05,66
exploratory,latency,socialnetwork,Social Network,out_degree,descendant_affected_count,11,4,1,,,undefined (a variable is constant),0,,,undefined,point estimate undefined,False,EXPLORATORY,False,,False,0.05,66
exploratory,latency,socialnetwork,Social Network,betweenness,descendant_affected_count,11,6,1,,,undefined (a variable is constant),0,,,undefined,point estimate undefined,False,EXPLORATORY,False,,False,0.05,66
exploratory,latency,socialnetwork,Social Network,closeness,descendant_affected_count,11,7,1,,,undefined (a variable is constant),0,,,undefined,point estimate undefined,False,EXPLORATORY,False,,False,0.05,66
exploratory,latency,socialnetwork,Social Network,pagerank,descendant_affected_count,11,8,1,,,undefined (a variable is constant),0,,,undefined,point estimate undefined,False,EXPLORATORY,False,,False,0.05,66
exploratory,latency,socialnetwork,Social Network,composite_score,descendant_affected_count,11,7,1,,,undefined (a variable is constant),0,,,undefined,point estimate undefined,False,EXPLORATORY,False,,False,0.05,66
exploratory,latency,socialnetwork,Social Network,descendant_count,descendant_affected_count,11,5,1,,,undefined (a variable is constant),0,,,undefined,point estimate undefined,False,EXPLORATORY,False,,False,0.05,66
exploratory,latency,socialnetwork,Social Network,dominator_subtree_size,descendant_affected_count,11,3,1,,,undefined (a variable is constant),0,,,undefined,point estimate undefined,False,EXPLORATORY,False,,False,0.05,66
exploratory,latency,hotelreservation,Hotel Reservation,ancestor_count,descendant_affected_count,7,2,1,,,undefined (a variable is constant),0,,,undefined,point estimate undefined,False,EXPLORATORY,True,,False,0.05,66
exploratory,latency,hotelreservation,Hotel Reservation,hybrid_criticality,descendant_affected_count,7,2,1,,,undefined (a variable is constant),0,,,undefined,point estimate undefined,False,EXPLORATORY,True,,False,0.05,66
exploratory,latency,hotelreservation,Hotel Reservation,degree,descendant_affected_count,7,2,1,,,undefined (a variable is constant),0,,,undefined,point estimate undefined,False,EXPLORATORY,True,,False,0.05,66
exploratory,latency,hotelreservation,Hotel Reservation,out_degree,descendant_affected_count,7,2,1,,,undefined (a variable is constant),0,,,undefined,point estimate undefined,False,EXPLORATORY,True,,False,0.05,66
exploratory,latency,hotelreservation,Hotel Reservation,betweenness,descendant_affected_count,7,2,1,,,undefined (a variable is constant),0,,,undefined,point estimate undefined,False,EXPLORATORY,True,,False,0.05,66
exploratory,latency,hotelreservation,Hotel Reservation,closeness,descendant_affected_count,7,2,1,,,undefined (a variable is constant),0,,,undefined,point estimate undefined,False,EXPLORATORY,True,,False,0.05,66
exploratory,latency,hotelreservation,Hotel Reservation,eigenvector,descendant_affected_count,7,2,1,,,undefined (a variable is constant),0,,,undefined,point estimate undefined,False,EXPLORATORY,True,,False,0.05,66
exploratory,latency,hotelreservation,Hotel Reservation,pagerank,descendant_affected_count,7,5,1,,,undefined (a variable is constant),0,,,undefined,point estimate undefined,False,EXPLORATORY,True,,False,0.05,66
exploratory,latency,hotelreservation,Hotel Reservation,composite_score,descendant_affected_count,7,6,1,,,undefined (a variable is constant),0,,,undefined,point estimate undefined,False,EXPLORATORY,True,,False,0.05,66
exploratory,latency,hotelreservation,Hotel Reservation,descendant_count,descendant_affected_count,7,2,1,,,undefined (a variable is constant),0,,,undefined,point estimate undefined,False,EXPLORATORY,True,,False,0.05,66
exploratory,latency,hotelreservation,Hotel Reservation,dominator_subtree_size,descendant_affected_count,7,2,1,,,undefined (a variable is constant),0,,,undefined,point estimate undefined,False,EXPLORATORY,True,,False,0.05,66
exploratory,kill,socialnetwork,Social Network,ancestor_count,unrelated_affected_count,11,4,1,,,undefined (a variable is constant),0,,,undefined,point estimate undefined,False,EXPLORATORY,False,,False,0.05,66
exploratory,kill,socialnetwork,Social Network,hybrid_criticality,unrelated_affected_count,11,8,1,,,undefined (a variable is constant),0,,,undefined,point estimate undefined,False,EXPLORATORY,False,,False,0.05,66
exploratory,kill,socialnetwork,Social Network,degree,unrelated_affected_count,11,5,1,,,undefined (a variable is constant),0,,,undefined,point estimate undefined,False,EXPLORATORY,False,,False,0.05,66
exploratory,kill,socialnetwork,Social Network,in_degree,unrelated_affected_count,11,3,1,,,undefined (a variable is constant),0,,,undefined,point estimate undefined,False,EXPLORATORY,False,,False,0.05,66
exploratory,kill,socialnetwork,Social Network,out_degree,unrelated_affected_count,11,4,1,,,undefined (a variable is constant),0,,,undefined,point estimate undefined,False,EXPLORATORY,False,,False,0.05,66
exploratory,kill,socialnetwork,Social Network,betweenness,unrelated_affected_count,11,6,1,,,undefined (a variable is constant),0,,,undefined,point estimate undefined,False,EXPLORATORY,False,,False,0.05,66
exploratory,kill,socialnetwork,Social Network,closeness,unrelated_affected_count,11,7,1,,,undefined (a variable is constant),0,,,undefined,point estimate undefined,False,EXPLORATORY,False,,False,0.05,66
exploratory,kill,socialnetwork,Social Network,pagerank,unrelated_affected_count,11,8,1,,,undefined (a variable is constant),0,,,undefined,point estimate undefined,False,EXPLORATORY,False,,False,0.05,66
exploratory,kill,socialnetwork,Social Network,composite_score,unrelated_affected_count,11,7,1,,,undefined (a variable is constant),0,,,undefined,point estimate undefined,False,EXPLORATORY,False,,False,0.05,66
exploratory,kill,socialnetwork,Social Network,descendant_count,unrelated_affected_count,11,5,1,,,undefined (a variable is constant),0,,,undefined,point estimate undefined,False,EXPLORATORY,False,,False,0.05,66
exploratory,kill,socialnetwork,Social Network,dominator_subtree_size,unrelated_affected_count,11,3,1,,,undefined (a variable is constant),0,,,undefined,point estimate undefined,False,EXPLORATORY,False,,False,0.05,66
exploratory,kill,hotelreservation,Hotel Reservation,ancestor_count,unrelated_affected_count,7,2,1,,,undefined (a variable is constant),0,,,undefined,point estimate undefined,False,EXPLORATORY,True,,False,0.05,66
exploratory,kill,hotelreservation,Hotel Reservation,hybrid_criticality,unrelated_affected_count,7,2,1,,,undefined (a variable is constant),0,,,undefined,point estimate undefined,False,EXPLORATORY,True,,False,0.05,66
exploratory,kill,hotelreservation,Hotel Reservation,degree,unrelated_affected_count,7,2,1,,,undefined (a variable is constant),0,,,undefined,point estimate undefined,False,EXPLORATORY,True,,False,0.05,66
exploratory,kill,hotelreservation,Hotel Reservation,out_degree,unrelated_affected_count,7,2,1,,,undefined (a variable is constant),0,,,undefined,point estimate undefined,False,EXPLORATORY,True,,False,0.05,66
exploratory,kill,hotelreservation,Hotel Reservation,betweenness,unrelated_affected_count,7,2,1,,,undefined (a variable is constant),0,,,undefined,point estimate undefined,False,EXPLORATORY,True,,False,0.05,66
exploratory,kill,hotelreservation,Hotel Reservation,closeness,unrelated_affected_count,7,2,1,,,undefined (a variable is constant),0,,,undefined,point estimate undefined,False,EXPLORATORY,True,,False,0.05,66
exploratory,kill,hotelreservation,Hotel Reservation,eigenvector,unrelated_affected_count,7,2,1,,,undefined (a variable is constant),0,,,undefined,point estimate undefined,False,EXPLORATORY,True,,False,0.05,66
exploratory,kill,hotelreservation,Hotel Reservation,pagerank,unrelated_affected_count,7,5,1,,,undefined (a variable is constant),0,,,undefined,point estimate undefined,False,EXPLORATORY,True,,False,0.05,66
exploratory,kill,hotelreservation,Hotel Reservation,composite_score,unrelated_affected_count,7,6,1,,,undefined (a variable is constant),0,,,undefined,point estimate undefined,False,EXPLORATORY,True,,False,0.05,66
exploratory,kill,hotelreservation,Hotel Reservation,descendant_count,unrelated_affected_count,7,2,1,,,undefined (a variable is constant),0,,,undefined,point estimate undefined,False,EXPLORATORY,True,,False,0.05,66
exploratory,kill,hotelreservation,Hotel Reservation,dominator_subtree_size,unrelated_affected_count,7,2,1,,,undefined (a variable is constant),0,,,undefined,point estimate undefined,False,EXPLORATORY,True,,False,0.05,66
exploratory,latency,socialnetwork,Social Network,ancestor_count,unrelated_affected_count,11,4,1,,,undefined (a variable is constant),0,,,undefined,point estimate undefined,False,EXPLORATORY,False,,False,0.05,66
exploratory,latency,socialnetwork,Social Network,hybrid_criticality,unrelated_affected_count,11,8,1,,,undefined (a variable is constant),0,,,undefined,point estimate undefined,False,EXPLORATORY,False,,False,0.05,66
exploratory,latency,socialnetwork,Social Network,degree,unrelated_affected_count,11,5,1,,,undefined (a variable is constant),0,,,undefined,point estimate undefined,False,EXPLORATORY,False,,False,0.05,66
exploratory,latency,socialnetwork,Social Network,in_degree,unrelated_affected_count,11,3,1,,,undefined (a variable is constant),0,,,undefined,point estimate undefined,False,EXPLORATORY,False,,False,0.05,66
exploratory,latency,socialnetwork,Social Network,out_degree,unrelated_affected_count,11,4,1,,,undefined (a variable is constant),0,,,undefined,point estimate undefined,False,EXPLORATORY,False,,False,0.05,66
exploratory,latency,socialnetwork,Social Network,betweenness,unrelated_affected_count,11,6,1,,,undefined (a variable is constant),0,,,undefined,point estimate undefined,False,EXPLORATORY,False,,False,0.05,66
exploratory,latency,socialnetwork,Social Network,closeness,unrelated_affected_count,11,7,1,,,undefined (a variable is constant),0,,,undefined,point estimate undefined,False,EXPLORATORY,False,,False,0.05,66
exploratory,latency,socialnetwork,Social Network,pagerank,unrelated_affected_count,11,8,1,,,undefined (a variable is constant),0,,,undefined,point estimate undefined,False,EXPLORATORY,False,,False,0.05,66
exploratory,latency,socialnetwork,Social Network,composite_score,unrelated_affected_count,11,7,1,,,undefined (a variable is constant),0,,,undefined,point estimate undefined,False,EXPLORATORY,False,,False,0.05,66
exploratory,latency,socialnetwork,Social Network,descendant_count,unrelated_affected_count,11,5,1,,,undefined (a variable is constant),0,,,undefined,point estimate undefined,False,EXPLORATORY,False,,False,0.05,66
exploratory,latency,socialnetwork,Social Network,dominator_subtree_size,unrelated_affected_count,11,3,1,,,undefined (a variable is constant),0,,,undefined,point estimate undefined,False,EXPLORATORY,False,,False,0.05,66
exploratory,latency,hotelreservation,Hotel Reservation,ancestor_count,unrelated_affected_count,7,2,1,,,undefined (a variable is constant),0,,,undefined,point estimate undefined,False,EXPLORATORY,True,,False,0.05,66
exploratory,latency,hotelreservation,Hotel Reservation,hybrid_criticality,unrelated_affected_count,7,2,1,,,undefined (a variable is constant),0,,,undefined,point estimate undefined,False,EXPLORATORY,True,,False,0.05,66
exploratory,latency,hotelreservation,Hotel Reservation,degree,unrelated_affected_count,7,2,1,,,undefined (a variable is constant),0,,,undefined,point estimate undefined,False,EXPLORATORY,True,,False,0.05,66
exploratory,latency,hotelreservation,Hotel Reservation,out_degree,unrelated_affected_count,7,2,1,,,undefined (a variable is constant),0,,,undefined,point estimate undefined,False,EXPLORATORY,True,,False,0.05,66
exploratory,latency,hotelreservation,Hotel Reservation,betweenness,unrelated_affected_count,7,2,1,,,undefined (a variable is constant),0,,,undefined,point estimate undefined,False,EXPLORATORY,True,,False,0.05,66
exploratory,latency,hotelreservation,Hotel Reservation,closeness,unrelated_affected_count,7,2,1,,,undefined (a variable is constant),0,,,undefined,point estimate undefined,False,EXPLORATORY,True,,False,0.05,66
exploratory,latency,hotelreservation,Hotel Reservation,eigenvector,unrelated_affected_count,7,2,1,,,undefined (a variable is constant),0,,,undefined,point estimate undefined,False,EXPLORATORY,True,,False,0.05,66
exploratory,latency,hotelreservation,Hotel Reservation,pagerank,unrelated_affected_count,7,5,1,,,undefined (a variable is constant),0,,,undefined,point estimate undefined,False,EXPLORATORY,True,,False,0.05,66
exploratory,latency,hotelreservation,Hotel Reservation,composite_score,unrelated_affected_count,7,6,1,,,undefined (a variable is constant),0,,,undefined,point estimate undefined,False,EXPLORATORY,True,,False,0.05,66
exploratory,latency,hotelreservation,Hotel Reservation,descendant_count,unrelated_affected_count,7,2,1,,,undefined (a variable is constant),0,,,undefined,point estimate undefined,False,EXPLORATORY,True,,False,0.05,66
exploratory,latency,hotelreservation,Hotel Reservation,dominator_subtree_size,unrelated_affected_count,7,2,1,,,undefined (a variable is constant),0,,,undefined,point estimate undefined,False,EXPLORATORY,True,,False,0.05,66
