label,architecture,gateway,service,fault_type,n_runs,ancestor_count,gateway_is_ancestor,median_degraded_ancestors,median_degraded_ancestors_gateway,median_degraded_ancestors_non_gateway,runs_gateway_degraded,runs_only_gateway_degraded
"POST-HOC DESCRIPTIVE -- not preregistered, no hypothesis test",socialnetwork,nginx-web-server,compose-post-service,kill,5,1,True,1.0,1.0,0.0,5,5
"POST-HOC DESCRIPTIVE -- not preregistered, no hypothesis test",socialnetwork,nginx-web-server,compose-post-service,latency,5,1,True,1.0,1.0,0.0,5,5
"POST-HOC DESCRIPTIVE -- not preregistered, no hypothesis test",socialnetwork,nginx-web-server,home-timeline-service,kill,5,2,True,2.0,1.0,1.0,5,0
"POST-HOC DESCRIPTIVE -- not preregistered, no hypothesis test",socialnetwork,nginx-web-server,home-timeline-service,latency,5,2,True,2.0,1.0,1.0,5,0
"POST-HOC DESCRIPTIVE -- not preregistered, no hypothesis test",socialnetwork,nginx-web-server,media-service,kill,5,2,True,2.0,1.0,1.0,5,0
"POST-HOC DESCRIPTIVE -- not preregistered, no hypothesis test",socialnetwork,nginx-web-server,media-service,latency,5,2,True,2.0,1.0,1.0,5,0
"POST-HOC DESCRIPTIVE -- not preregistered, no hypothesis test",socialnetwork,nginx-web-server,post-storage-service,kill,5,4,True,4.0,1.0,3.0,5,0
"POST-HOC DESCRIPTIVE -- not preregistered, no hypothesis test",socialnetwork,nginx-web-server,post-storage-service,latency,5,4,True,4.0,1.0,3.0,5,0
"POST-HOC DESCRIPTIVE -- not preregistered, no hypothesis test",socialnetwork,nginx-web-server,social-graph-service,kill,5,3,True,3.0,1.0,2.0,5,0
"POST-HOC DESCRIPTIVE -- not preregistered, no hypothesis test",socialnetwork,nginx-web-server,social-graph-service,latency,5,3,True,3.0,1.0,2.0,5,0
"POST-HOC DESCRIPTIVE -- not preregistered, no hypothesis test",socialnetwork,nginx-web-server,text-service,kill,5,2,True,2.0,1.0,1.0,5,0
"POST-HOC DESCRIPTIVE -- not preregistered, no hypothesis test",socialnetwork,nginx-web-server,text-service,latency,5,2,True,2.0,1.0,1.0,5,0
"POST-HOC DESCRIPTIVE -- not preregistered, no hypothesis test",socialnetwork,nginx-web-server,unique-id-service,kill,5,2,True,2.0,1.0,1.0,5,0
"POST-HOC DESCRIPTIVE -- not preregistered, no hypothesis test",socialnetwork,nginx-web-server,unique-id-service,latency,5,2,True,2.0,1.0,1.0,5,0
"POST-HOC DESCRIPTIVE -- not preregistered, no hypothesis test",socialnetwork,nginx-web-server,url-shorten-service,kill,5,3,True,3.0,1.0,2.0,5,0
"POST-HOC DESCRIPTIVE -- not preregistered, no hypothesis test",socialnetwork,nginx-web-server,url-shorten-service,latency,5,3,True,3.0,1.0,2.0,5,0
"POST-HOC DESCRIPTIVE -- not preregistered, no hypothesis test",socialnetwork,nginx-web-server,user-mention-service,kill,5,3,True,3.0,1.0,2.0,5,0
"POST-HOC DESCRIPTIVE -- not preregistered, no hypothesis test",socialnetwork,nginx-web-server,user-mention-service,latency,5,3,True,3.0,1.0,2.0,5,0
"POST-HOC DESCRIPTIVE -- not preregistered, no hypothesis test",socialnetwork,nginx-web-server,user-service,kill,5,4,True,2.0,1.0,1.0,5,0
"POST-HOC DESCRIPTIVE -- not preregistered, no hypothesis test",socialnetwork,nginx-web-server,user-service,latency,5,4,True,2.0,1.0,1.0,5,0
"POST-HOC DESCRIPTIVE -- not preregistered, no hypothesis test",socialnetwork,nginx-web-server,user-timeline-service,kill,5,2,True,2.0,1.0,1.0,5,0
"POST-HOC DESCRIPTIVE -- not preregistered, no hypothesis test",socialnetwork,nginx-web-server,user-timeline-service,latency,5,2,True,2.0,1.0,1.0,5,0
"POST-HOC DESCRIPTIVE -- not preregistered, no hypothesis test",hotelreservation,frontend,geo,kill,5,2,True,2.0,1.0,1.0,5,0
"POST-HOC DESCRIPTIVE -- not preregistered, no hypothesis test",hotelreservation,frontend,geo,latency,5,2,True,2.0,1.0,1.0,5,0
"POST-HOC DESCRIPTIVE -- not preregistered, no hypothesis test",hotelreservation,frontend,profile,kill,5,1,True,1.0,1.0,0.0,5,5
"POST-HOC DESCRIPTIVE -- not preregistered, no hypothesis test",hotelreservation,frontend,profile,latency,5,1,True,1.0,1.0,0.0,5,5
"POST-HOC DESCRIPTIVE -- not preregistered, no hypothesis test",hotelreservation,frontend,rate,kill,5,2,True,2.0,1.0,1.0,5,0
"POST-HOC DESCRIPTIVE -- not preregistered, no hypothesis test",hotelreservation,frontend,rate,latency,5,2,True,2.0,1.0,1.0,5,0
"POST-HOC DESCRIPTIVE -- not preregistered, no hypothesis test",hotelreservation,frontend,recommendation,kill,5,1,True,1.0,1.0,0.0,5,5
"POST-HOC DESCRIPTIVE -- not preregistered, no hypothesis test",hotelreservation,frontend,recommendation,latency,5,1,True,1.0,1.0,0.0,5,5
"POST-HOC DESCRIPTIVE -- not preregistered, no hypothesis test",hotelreservation,frontend,reservation,kill,5,1,True,1.0,1.0,0.0,5,5
"POST-HOC DESCRIPTIVE -- not preregistered, no hypothesis test",hotelreservation,frontend,reservation,latency,5,1,True,1.0,1.0,0.0,5,5
"POST-HOC DESCRIPTIVE -- not preregistered, no hypothesis test",hotelreservation,frontend,search,kill,5,1,True,1.0,1.0,0.0,5,5
"POST-HOC DESCRIPTIVE -- not preregistered, no hypothesis test",hotelreservation,frontend,search,latency,5,1,True,1.0,1.0,0.0,5,5
"POST-HOC DESCRIPTIVE -- not preregistered, no hypothesis test",hotelreservation,frontend,user,kill,5,1,True,1.0,1.0,0.0,5,5
"POST-HOC DESCRIPTIVE -- not preregistered, no hypothesis test",hotelreservation,frontend,user,latency,5,1,True,1.0,1.0,0.0,5,5
