family,fault_type,architecture,architecture_label,predictor,outcome,n_services,predictor_levels,outcome_levels,spearman_rho,p_permutation,p_method,n_permutations,ci_lo,ci_hi,ci_method,ci_valid_resamples,ci_note,higher_predictor_means,confirmatory,hr_directional_only,cox_run_hr,cox_run_ci_lo,cox_run_ci_hi,cox_run_p,cox_run_n,cox_run_note,cox_service_hr,cox_service_ci_lo,cox_service_ci_hi,cox_service_p,cox_service_n,cox_service_note,logrank_chisq,logrank_p,logrank_groups,logrank_note,p_bh_adjusted,significant_after_fdr,fdr_q,family_size
replication,latency,socialnetwork,Social Network,ancestor_count,ancestor_affected_count,11,4,4,0.785118891023205,0.007599240075992401,10000 random permutations,10000,0.0,1.0,BCa,9979,z0=-0.0627 a=-0.1088,more central,False,False,,,,,,,,,,,,,,,,,0.1847815218478152,False,0.05,44
replication,latency,socialnetwork,Social Network,ancestor_count,T_rec,11,4,10,-0.06048819845203556,0.8647135286471352,10000 random permutations,10000,-0.6274863494818453,0.6414324610041879,BCa,9999,z0=0.0473 a=-0.0615,more central,False,False,0.9981866526301854,0.816074575011345,1.2209381642299086,0.9859098804815678,55.0,cluster-robust SE by service,1.1843095604404108,0.627343023937809,2.2357611090445526,0.6018200656917874,11.0,"service-level medians, all events observed",1.1735995488466544,0.556104098675243,3.0,3 tercile groups,1.0,False,0.05,44
replication,latency,socialnetwork,Social Network,hybrid_criticality,ancestor_affected_count,11,8,4,-0.14361807342006558,0.6656334366563343,10000 random permutations,10000,-0.805327950708631,0.7125281993815842,BCa,9991,z0=0.0621 a=-0.0087,more central,False,False,,,,,,,,,,,,,,,,,0.9152459754024598,False,0.05,44
replication,latency,socialnetwork,Social Network,hybrid_criticality,T_rec,11,8,10,0.7670685863297637,0.008399160083991601,10000 random permutations,10000,0.1903717733424867,0.9635293180817432,BCa,10000,z0=-0.0258 a=-0.0244,more central,False,False,0.0448513219236117,0.0017290471455332955,1.1634391135558046,0.0616411621150109,55.0,cluster-robust SE by service,0.0002486840617408743,8.192006980573118e-10,75.49280989456926,0.19753129428856164,11.0,"service-level medians, all events observed",2.5555544812388513,0.10990724818340658,2.0,2 tercile groups,0.1847815218478152,False,0.05,44
replication,latency,socialnetwork,Social Network,degree,ancestor_affected_count,11,5,4,-0.34163241529796384,0.2976702329767023,10000 random permutations,10000,-0.8368250970746053,0.3852628808852006,BCa,9991,z0=0.0596 a=-0.0308,more central,False,False,,,,,,,,,,,,,,,,,0.6548745125487451,False,0.05,44
replication,latency,socialnetwork,Social Network,degree,T_rec,11,5,10,0.6474440438789578,0.0337966203379662,10000 random permutations,10000,-0.19916052731641065,0.9296645285055626,BCa,10000,z0=-0.1118 a=-0.0422,more central,False,False,0.21952775382386105,0.05262238825522053,0.9158161819873061,0.03746385201513898,55.0,cluster-robust SE by service,0.00972037364392546,4.095057234755554e-05,2.307309968114792,0.096834934450295,11.0,"service-level medians, all events observed",1.6668492698710866,0.19668108077465962,2.0,2 tercile groups,0.23280423280423276,False,0.05,44
replication,latency,socialnetwork,Social Network,in_degree,ancestor_affected_count,11,3,4,0.33712653633258444,0.3367663233676632,10000 random permutations,10000,-0.402035636556294,0.8354505832965762,BCa,9972,z0=-0.0778 a=0.0524,more central,False,False,,,,,,,,,,,,,,,,,0.6667166616671666,False,0.05,44
replication,latency,socialnetwork,Social Network,in_degree,T_rec,11,3,10,0.5108094442387969,0.11958804119588042,10000 random permutations,10000,-0.21263548292374335,0.845035210534007,BCa,9989,z0=-0.0659 a=-0.0751,more central,False,False,0.013906166873959057,0.00043398529871111705,0.4455945344248188,0.01565021155513892,55.0,cluster-robust SE by service,0.0017899887253069494,2.7404346317247078e-08,116.91793701751274,0.26345977614869964,11.0,"service-level medians, all events observed",0.41217386086393376,0.5208681966119387,2.0,2 tercile groups,0.3507915875079159,False,0.05,44
replication,latency,socialnetwork,Social Network,out_degree,ancestor_affected_count,11,4,4,-0.5439642550471052,0.0983901609839016,10000 random permutations,10000,-0.8776893746954799,0.08740073734751262,BCa,9979,z0=0.1048 a=-0.0294,more central,False,False,,,,,,,,,,,,,,,,,0.33301285256089774,False,0.05,44
replication,latency,socialnetwork,Social Network,out_degree,T_rec,11,4,10,0.3796347772059041,0.24747525247475252,10000 random permutations,10000,-0.6355439076827355,0.8438865004956585,BCa,9988,z0=-0.1021 a=-0.0490,more central,False,False,0.4418150992736318,0.20370885205820846,0.9582331841445545,0.03863903741100857,55.0,cluster-robust SE by service,0.08324117483484682,0.0011759435212695517,5.892369031809339,0.25267019294899484,11.0,"service-level medians, all events observed",0.5682237884866971,0.45096560001730013,2.0,2 tercile groups,0.6011188354848725,False,0.05,44
replication,latency,socialnetwork,Social Network,betweenness,ancestor_affected_count,11,6,4,-0.46724101973619064,0.15108489151084892,10000 random permutations,10000,-0.8528270779419657,0.31622776601683794,BCa,9970,z0=0.0901 a=-0.0149,more central,False,False,,,,,,,,,,,,,,,,,0.4154834516548345,False,0.05,44
replication,latency,socialnetwork,Social Network,betweenness,T_rec,11,6,10,0.3080234408026758,0.34906509349065096,10000 random permutations,10000,-0.6756304964900778,0.8084929894182268,BCa,9985,z0=-0.0433 a=-0.0757,more central,False,False,0.011118574071126678,1.4581660113832405e-07,847.7957133142882,0.43279185523763475,55.0,cluster-robust SE by service,1.0556741672204099e-07,1.7822499251064925e-25,62530396642.87913,0.4416668162065921,11.0,"service-level medians, all events observed",0.0013213021622051008,0.9710035050860261,2.0,2 tercile groups,0.6667166616671666,False,0.05,44
replication,latency,socialnetwork,Social Network,closeness,ancestor_affected_count,11,7,4,0.5995643932569622,0.055394460553944605,10000 random permutations,10000,-0.12662795036222932,0.9581002835326317,BCa,9986,z0=-0.1006 a=0.0186,more central,False,False,,,,,,,,,,,,,,,,,0.24373562643735625,False,0.05,44
replication,latency,socialnetwork,Social Network,closeness,T_rec,11,7,10,0.30025096545497837,0.36366363363663634,10000 random permutations,10000,-0.6118381103085151,0.7953609105607419,BCa,10000,z0=-0.0180 a=-0.1170,more central,False,False,0.054357011993945326,0.0015848066402551154,1.8643818607639626,0.10639210556895823,55.0,cluster-robust SE by service,0.06692555504689082,2.7151851202250538e-06,1649.6222982995573,0.6001929548814599,11.0,"service-level medians, all events observed",1.7990568414976984,0.406761434771289,3.0,3 tercile groups,0.6667166616671666,False,0.05,44
replication,latency,socialnetwork,Social Network,pagerank,ancestor_affected_count,11,8,4,0.6742067924018006,0.027997200279972004,10000 random permutations,10000,0.17149858514250885,0.9486832980505139,BCa,9980,z0=0.0111 a=-0.0272,more central,False,False,,,,,,,,,,,,,,,,,0.23280423280423276,False,0.05,44
replication,latency,socialnetwork,Social Network,pagerank,T_rec,11,8,10,0.37328774430002415,0.2595740425957404,10000 random permutations,10000,-0.3065702505037983,0.8328561122760577,BCa,10000,z0=-0.0449 a=0.0062,more central,False,False,0.03586430158813458,0.0004261615492523176,3.0182172245744376,0.14114267142073958,55.0,cluster-robust SE by service,0.09097600087817975,3.30598785028575e-10,25035278.744509634,0.8089533258101236,11.0,"service-level medians, all events observed",1.7990568414976984,0.406761434771289,3.0,3 tercile groups,0.6011188354848725,False,0.05,44
replication,latency,socialnetwork,Social Network,composite_score,ancestor_affected_count,11,7,4,0.273103708065482,0.41055894410558946,10000 random permutations,10000,-0.4459491293509592,0.8131723921759654,BCa,9981,z0=-0.0760 a=0.0459,more central (sign flipped: lower raw value is more central),False,False,,,,,,,,,,,,,,,,,0.7225837416258375,False,0.05,44
replication,latency,socialnetwork,Social Network,composite_score,T_rec,11,7,10,0.6253022269440114,0.04179582041795821,10000 random permutations,10000,0.24818226360015436,0.8764963426440374,BCa,10000,z0=0.1322 a=-0.0061,more central (sign flipped: lower raw value is more central),False,False,28.082802453045,8.697315286732993,90.67669362518785,2.4486144134391685e-08,55.0,cluster-robust SE by service,1767.526135580447,1.4167368540140084,2205172.1398426034,0.039804206525403646,11.0,"service-level medians, all events observed",6.12443201996303,0.04678390666008603,3.0,3 tercile groups,0.23280423280423276,False,0.05,44
replication,latency,socialnetwork,Social Network,descendant_count,ancestor_affected_count,11,5,4,-0.5424840774597737,0.0917908209179082,10000 random permutations,10000,-0.8735840146745804,0.10674749469804616,BCa,9973,z0=0.0907 a=-0.0300,more central,False,False,,,,,,,,,,,,,,,,,0.33301285256089774,False,0.05,44
replication,latency,socialnetwork,Social Network,descendant_count,T_rec,11,5,10,0.42841777594826924,0.17998200179982002,10000 random permutations,10000,-0.5919059404668525,0.8406501460908894,BCa,9993,z0=-0.1325 a=-0.0188,more central,False,False,0.9484473023953767,0.9030714021181119,0.9961031689312818,0.03433635870089247,55.0,cluster-robust SE by service,0.8345644879735453,0.6239023302244957,1.116357241903438,0.22306621526142478,11.0,"service-level medians, all events observed",0.5682237884866971,0.45096560001730013,2.0,2 tercile groups,0.46583576936424004,False,0.05,44
replication,latency,socialnetwork,Social Network,dominator_subtree_size,ancestor_affected_count,11,3,4,-0.5574706096853747,0.10598940105989402,10000 random permutations,10000,-0.9,-0.19364916731037082,BCa,8935,z0=0.1551 a=-0.1406,more central,False,False,,,,,,,,,,,,,,,,,0.33310954618823835,False,0.05,44
replication,latency,socialnetwork,Social Network,dominator_subtree_size,T_rec,11,3,10,-0.01351474756798972,1.0,10000 random permutations,10000,-0.7132535872739533,0.700485268689132,BCa,8895,z0=0.0379 a=0.0303,more central,False,False,0.9599629449619181,0.8686130368589454,1.060919899420766,0.42319415492344137,55.0,cluster-robust SE by service,0.9046821039560426,0.6223190127735572,1.3151610225929908,0.5997359253898431,11.0,"service-level medians, all events observed",,,1.0,fewer than 2 distinct terciles (predictor too tied),1.0,False,0.05,44
replication,latency,hotelreservation,Hotel Reservation,ancestor_count,ancestor_affected_count,7,2,2,1.0,0.047619047619047616,exact enumeration of 5040 permutations,5040,1.0,1.0,percentile,9063,BCa bias correction undefined (all resamples on one side of the estimate); percentile interval reported instead,more central,False,True,,,,,,,,,,,,,,,,,0.23280423280423276,False,0.05,44
replication,latency,hotelreservation,Hotel Reservation,ancestor_count,T_rec,7,2,7,-0.15811388300841897,0.8571428571428571,exact enumeration of 5040 permutations,5040,-0.820412654142367,0.9133531194778184,BCa,8994,z0=0.1918 a=0.0408,more central,False,True,0.8822104533432488,0.5782679506346109,1.3459076940611576,0.5608802315068522,35.0,cluster-robust SE by service,2.178706454731892,0.3019255396110698,15.721630644446403,0.43993312630546355,7.0,"service-level medians, all events observed",,,1.0,fewer than 2 distinct terciles (predictor too tied),1.0,False,0.05,44
replication,latency,hotelreservation,Hotel Reservation,hybrid_criticality,ancestor_affected_count,7,2,2,-0.25819888974716115,1.0,exact enumeration of 5040 permutations,5040,-0.75,-0.16666666666666666,BCa,5903,z0=-0.0410 a=-0.0481,more central,False,True,,,,,,,,,,,,,,,,,1.0,False,0.05,44
replication,latency,hotelreservation,Hotel Reservation,hybrid_criticality,T_rec,7,2,7,0.40824829046386296,0.5714285714285714,exact enumeration of 5040 permutations,5040,-1.0,0.6179143806533246,BCa,6594,z0=-0.7183 a=-0.1217,more central,False,True,0.0006264670022376055,1.0661580695907393e-06,0.36810761564016864,0.023377370159470643,35.0,cluster-robust SE by service,1.0187728002315453e-05,4.0336630388514354e-23,2573090534570.691,0.5739581660696075,7.0,"service-level medians, all events observed",,,1.0,fewer than 2 distinct terciles (predictor too tied),0.8110599078341013,False,0.05,44
replication,latency,hotelreservation,Hotel Reservation,degree,ancestor_affected_count,7,2,2,-0.25819888974716115,1.0,exact enumeration of 5040 permutations,5040,-0.7302967433402215,-0.16666666666666666,BCa,5851,z0=-0.0551 a=-0.0481,more central,False,True,,,,,,,,,,,,,,,,,1.0,False,0.05,44
replication,latency,hotelreservation,Hotel Reservation,degree,T_rec,7,2,7,0.40824829046386296,0.5714285714285714,exact enumeration of 5040 permutations,5040,-1.0,0.6179143806533246,BCa,6624,z0=-0.7067 a=-0.1217,more central,False,True,0.24028945908865035,0.07004559569976447,0.8243062761090961,0.02337737015947052,35.0,cluster-robust SE by service,0.10836689170464227,4.682121979064572e-05,250.81326950119,0.5739581660696078,7.0,"service-level medians, all events observed",,,1.0,fewer than 2 distinct terciles (predictor too tied),0.8110599078341013,False,0.05,44
replication,latency,hotelreservation,Hotel Reservation,out_degree,ancestor_affected_count,7,2,2,-0.25819888974716115,1.0,exact enumeration of 5040 permutations,5040,-0.7302967433402215,-0.16666666666666666,BCa,5833,z0=-0.0372 a=-0.0481,more central,False,True,,,,,,,,,,,,,,,,,1.0,False,0.05,44
replication,latency,hotelreservation,Hotel Reservation,out_degree,T_rec,7,2,7,0.40824829046386296,0.5714285714285714,exact enumeration of 5040 permutations,5040,-1.0,0.6179143806533246,BCa,6586,z0=-0.7303 a=-0.1217,more central,False,True,0.24028945908865013,0.07004559569976437,0.8243062761090958,0.023377370159470463,35.0,cluster-robust SE by service,0.10836689170464213,4.682121979064547e-05,250.81326950119066,0.5739581660696077,7.0,"service-level medians, all events observed",,,1.0,fewer than 2 distinct terciles (predictor too tied),0.8110599078341013,False,0.05,44
replication,latency,hotelreservation,Hotel Reservation,betweenness,ancestor_affected_count,7,2,2,-0.25819888974716115,1.0,exact enumeration of 5040 permutations,5040,-0.75,-0.16666666666666666,BCa,5811,z0=-0.0498 a=-0.0481,more central,False,True,,,,,,,,,,,,,,,,,1.0,False,0.05,44
replication,latency,hotelreservation,Hotel Reservation,betweenness,T_rec,7,2,7,0.40824829046386296,0.5714285714285714,exact enumeration of 5040 permutations,5040,-0.5291502622129182,0.6179143806533246,BCa,6710,z0=-0.7190 a=-0.1217,more central,False,True,0.00019249006479891815,1.1810954554642112e-07,0.31371236655659496,0.023377370159470424,35.0,cluster-robust SE by service,1.6194953295107573e-06,1.05355288992675e-26,248944798821586.3,0.5739581660696077,7.0,"service-level medians, all events observed",,,1.0,fewer than 2 distinct terciles (predictor too tied),0.8110599078341013,False,0.05,44
replication,latency,hotelreservation,Hotel Reservation,closeness,ancestor_affected_count,7,2,2,1.0,0.047619047619047616,exact enumeration of 5040 permutations,5040,1.0,1.0,percentile,9088,BCa bias correction undefined (all resamples on one side of the estimate); percentile interval reported instead,more central,False,True,,,,,,,,,,,,,,,,,0.23280423280423276,False,0.05,44
replication,latency,hotelreservation,Hotel Reservation,closeness,T_rec,7,2,7,-0.15811388300841897,0.8571428571428571,exact enumeration of 5040 permutations,5040,-0.8126360553720011,0.9074852129730302,BCa,9030,z0=0.1941 a=0.0408,more central,False,True,0.07194757959505739,1.0109078851650828e-05,512.0599300441505,0.5608802315068562,35.0,cluster-robust SE by service,12652406.058088848,1.1964563922520029e-11,1.3379792200988627e+25,0.4399331263054653,7.0,"service-level medians, all events observed",,,1.0,fewer than 2 distinct terciles (predictor too tied),1.0,False,0.05,44
replication,latency,hotelreservation,Hotel Reservation,eigenvector,ancestor_affected_count,7,2,2,1.0,0.047619047619047616,exact enumeration of 5040 permutations,5040,1.0,1.0,percentile,9024,BCa bias correction undefined (all resamples on one side of the estimate); percentile interval reported instead,more central,False,True,,,,,,,,,,,,,,,,,0.23280423280423276,False,0.05,44
replication,latency,hotelreservation,Hotel Reservation,eigenvector,T_rec,7,2,7,-0.15811388300841897,0.8571428571428571,exact enumeration of 5040 permutations,5040,-0.8126360553720011,0.9074852129730302,BCa,9051,z0=0.2162 a=0.0408,more central,False,True,0.837265624239414,0.460131681337661,1.5235067567942286,0.5608802315068537,35.0,cluster-robust SE by service,3.0151265380334658,0.18318849843008606,49.62641278389674,0.43993312630546333,7.0,"service-level medians, all events observed",,,1.0,fewer than 2 distinct terciles (predictor too tied),1.0,False,0.05,44
replication,latency,hotelreservation,Hotel Reservation,pagerank,ancestor_affected_count,7,5,2,0.8050764858994133,0.047619047619047616,exact enumeration of 5040 permutations,5040,0.6236095644623236,0.9354143466934853,BCa,9088,z0=-0.5369 a=0.0589,more central,False,True,,,,,,,,,,,,,,,,,0.23280423280423276,False,0.05,44
replication,latency,hotelreservation,Hotel Reservation,pagerank,T_rec,7,5,7,-0.4364357804719847,0.3238095238095238,exact enumeration of 5040 permutations,5040,-1.0,0.8401680504168059,BCa,9995,z0=0.0350 a=0.0093,more central,False,True,0.033806721557791464,4.858927861043003e-07,2352.15351034397,0.5515827810123761,35.0,cluster-robust SE by service,1.0634818090827942e+17,3.1797614011984956e-09,3.5568503907989e+42,0.1910519676467365,7.0,"service-level medians, all events observed",0.21795813010875265,0.8967491906972722,3.0,3 tercile groups,0.6667166616671666,False,0.05,44
replication,latency,hotelreservation,Hotel Reservation,composite_score,ancestor_affected_count,7,6,2,0.7977240352174657,0.09523809523809523,exact enumeration of 5040 permutations,5040,0.6179143806533246,0.9165151389911681,BCa,9040,z0=-0.5439 a=0.0598,more central (sign flipped: lower raw value is more central),False,True,,,,,,,,,,,,,,,,,0.33301285256089774,False,0.05,44
replication,latency,hotelreservation,Hotel Reservation,composite_score,T_rec,7,6,7,-0.16216874328520062,0.7285714285714285,exact enumeration of 5040 permutations,5040,-0.9712858623572641,0.8823529411764706,BCa,9997,z0=0.0059 a=-0.0419,more central (sign flipped: lower raw value is more central),False,True,6.78416574614572,0.17723275184508125,259.6862283750306,0.3032200131403663,35.0,cluster-robust SE by service,0.0005713467593600662,3.9629342864207953e-10,823.7257946713959,0.3020333802058013,7.0,"service-level medians, all events observed",2.154471554480881,0.340535541934633,3.0,3 tercile groups,0.9714285714285714,False,0.05,44
replication,latency,hotelreservation,Hotel Reservation,descendant_count,ancestor_affected_count,7,2,2,-0.25819888974716115,1.0,exact enumeration of 5040 permutations,5040,-0.7480309473368036,-0.16666666666666666,BCa,5845,z0=-0.0371 a=-0.0481,more central,False,True,,,,,,,,,,,,,,,,,1.0,False,0.05,44
replication,latency,hotelreservation,Hotel Reservation,descendant_count,T_rec,7,2,7,0.40824829046386296,0.5714285714285714,exact enumeration of 5040 permutations,5040,-1.0,0.6179143806533246,BCa,6586,z0=-0.7154 a=-0.1217,more central,False,True,0.8157057644435577,0.6839973272924507,0.9727755761565423,0.02337737015947052,35.0,cluster-robust SE by service,0.7279944830070929,0.24070871679473227,2.201731513282541,0.5739581660696078,7.0,"service-level medians, all events observed",,,1.0,fewer than 2 distinct terciles (predictor too tied),0.8110599078341013,False,0.05,44
replication,latency,hotelreservation,Hotel Reservation,dominator_subtree_size,ancestor_affected_count,7,2,2,-0.25819888974716115,1.0,exact enumeration of 5040 permutations,5040,-0.75,-0.16666666666666666,BCa,5867,z0=-0.0408 a=-0.0481,more central,False,True,,,,,,,,,,,,,,,,,1.0,False,0.05,44
replication,latency,hotelreservation,Hotel Reservation,dominator_subtree_size,T_rec,7,2,7,0.40824829046386296,0.5714285714285714,exact enumeration of 5040 permutations,5040,-0.5291502622129182,0.6179143806533246,BCa,6568,z0=-0.7312 a=-0.1217,more central,False,True,0.8157057644435577,0.6839973272924507,0.9727755761565423,0.02337737015947052,35.0,cluster-robust SE by service,0.7279944830070929,0.24070871679473227,2.201731513282541,0.5739581660696078,7.0,"service-level medians, all events observed",,,1.0,fewer than 2 distinct terciles (predictor too tied),0.8110599078341013,False,0.05,44
