run_file,app,service,fault_type,repetition,timestamp,ancestor_affected_count,descendant_affected_count,unrelated_affected_count,n_ancestors,n_descendants,T_rec,recovery_censored,recovery_observed_until_s,baseline_p95_ms,fault_p95_ms,baseline_p99_ms,fault_p99_ms,baseline_error_rate,fault_error_rate,telemetry_ok,is_gateway,delta_p95_ms,delta_p99_ms,delta_error_rate,event_observed,duration
run_hotelreservation_geo_kill_1_2026-09-26T05-59-48.569064+00-00.json,hotelreservation,geo,kill,1,2026-09-26T05:59:48.569064+00:00,2,0,0,2,0,22.25,False,28.14,13.8121,5.151949999999999,17.22243,6.31709,0.0,0.56,True,False,-8.66015,-10.905339999999999,0.56,1,22.25
run_hotelreservation_geo_kill_2_2026-09-26T07-56-10.175782+00-00.json,hotelreservation,geo,kill,2,2026-09-26T07:56:10.175782+00:00,2,0,0,2,0,21.92,False,27.86,13.390349999999994,5.16535,16.03237,5.869169999999998,0.0,0.52,True,False,-8.224999999999994,-10.163200000000003,0.52,1,21.92
run_hotelreservation_geo_kill_3_2026-09-26T09-25-00.209890+00-00.json,hotelreservation,geo,kill,3,2026-09-26T09:25:00.209890+00:00,2,0,0,2,0,22.01,False,27.94,12.469499999999998,5.093099999999999,15.09806,6.088909999999998,0.0,0.538,True,False,-7.376399999999999,-9.009150000000002,0.538,1,22.01
run_hotelreservation_geo_kill_4_2026-09-26T10-53-23.366187+00-00.json,hotelreservation,geo,kill,4,2026-09-26T10:53:23.366187+00:00,2,0,0,2,0,20.19,False,25.87,12.203099999999997,5.001799999999999,14.628919999999995,5.55907,0.0,0.552,True,False,-7.201299999999998,-9.069849999999995,0.552,1,20.19
run_hotelreservation_geo_kill_5_2026-09-26T12-27-01.438202+00-00.json,hotelreservation,geo,kill,5,2026-09-26T12:27:01.438202+00:00,2,0,0,2,0,25.25,False,31.0,12.254,4.96345,14.863039999999996,5.768609999999998,0.0,0.56,True,False,-7.29055,-9.09443,0.56,1,25.25
run_hotelreservation_geo_latency_1_2026-09-26T06-42-03.460479+00-00.json,hotelreservation,geo,latency,1,2026-09-26T06:42:03.460479+00:00,2,0,0,2,0,16.09,False,22.58,14.279449999999988,669.7393999999996,18.44918,799.79291,0.0,0.0,True,False,655.4599499999996,781.34373,0.0,1,16.09
run_hotelreservation_geo_latency_2_2026-09-26T08-14-58.286875+00-00.json,hotelreservation,geo,latency,2,2026-09-26T08:14:58.286875+00:00,2,0,0,2,0,19.24,False,25.66,13.608549999999992,601.8753999999999,16.52956,668.0117799999997,0.0,0.0,True,False,588.2668499999999,651.4822199999998,0.0,1,19.24
run_hotelreservation_geo_latency_3_2026-09-26T09-42-37.834168+00-00.json,hotelreservation,geo,latency,3,2026-09-26T09:42:37.834168+00:00,2,0,0,2,0,13.56,False,19.72,12.779349999999994,714.5748999999998,15.502969999999998,834.6142100000001,0.0,0.0,True,False,701.7955499999998,819.1112400000001,0.0,1,13.56
run_hotelreservation_geo_latency_4_2026-09-26T11-16-42.267631+00-00.json,hotelreservation,geo,latency,4,2026-09-26T11:16:42.267631+00:00,2,0,0,2,0,114.81,False,121.45,14.182349999999994,673.2611499999999,17.12216,759.5682799999998,0.0,0.0,True,False,659.0787999999999,742.4461199999998,0.0,1,114.81
run_hotelreservation_geo_latency_5_2026-09-26T12-45-44.133529+00-00.json,hotelreservation,geo,latency,5,2026-09-26T12:45:44.133529+00:00,2,0,0,2,0,17.69,False,23.65,12.578249999999999,678.2019999999998,15.588399999999998,801.2937999999999,0.0,0.0,True,False,665.6237499999997,785.7053999999999,0.0,1,17.69
run_hotelreservation_profile_kill_1_2026-09-26T06-02-22.507763+00-00.json,hotelreservation,profile,kill,1,2026-09-26T06:02:22.507763+00:00,1,0,0,1,0,19.77,False,26.52,14.560699999999997,13.139799999999996,19.24137,15.749219999999998,0.0,0.634,True,False,-1.4209000000000014,-3.4921500000000023,0.634,1,19.77
run_hotelreservation_profile_kill_2_2026-09-26T07-58-51.024082+00-00.json,hotelreservation,profile,kill,2,2026-09-26T07:58:51.024082+00:00,1,0,0,1,0,27.0,False,32.85,12.5383,9.317499999999992,15.8363,11.748969999999998,0.0,0.63,True,False,-3.2208000000000077,-4.0873300000000015,0.63,1,27.0
run_hotelreservation_profile_kill_3_2026-09-26T09-27-29.929145+00-00.json,hotelreservation,profile,kill,3,2026-09-26T09:27:29.929145+00:00,1,0,0,1,0,16.65,False,22.8,13.106749999999993,10.4613,16.900059999999993,13.960249999999998,0.0,0.65,True,False,-2.645449999999993,-2.9398099999999943,0.65,1,16.65
run_hotelreservation_profile_kill_4_2026-09-26T10-56-38.650914+00-00.json,hotelreservation,profile,kill,4,2026-09-26T10:56:38.650914+00:00,1,0,2,1,0,52.64,False,58.81,12.752949999999997,14.695,15.65446,17.832629999999995,0.0,0.616,True,False,1.9420500000000036,2.1781699999999944,0.616,1,52.64
run_hotelreservation_profile_kill_5_2026-09-26T12-30-48.536853+00-00.json,hotelreservation,profile,kill,5,2026-09-26T12:30:48.536853+00:00,1,0,0,1,0,96.12,False,102.01,11.8653,9.7091,14.411179999999996,11.09316,0.0,0.632,True,False,-2.1562,-3.318019999999997,0.632,1,96.12
run_hotelreservation_profile_latency_1_2026-09-26T06-22-01.742406+00-00.json,hotelreservation,profile,latency,1,2026-09-26T06:22:01.742406+00:00,1,0,0,1,0,18.66,False,25.25,12.606,2136.9526499999997,15.858729999999994,4146.602209999999,0.0,0.0,True,False,2124.3466499999995,4130.743479999999,0.0,1,18.66
run_hotelreservation_profile_latency_2_2026-09-26T08-17-21.037201+00-00.json,hotelreservation,profile,latency,2,2026-09-26T08:17:21.037201+00:00,1,0,0,1,0,15.31,False,21.39,13.50085,7342.267299999998,15.88694999999999,8905.447839999997,0.0,0.0,True,False,7328.766449999997,8889.560889999997,0.0,1,15.31
run_hotelreservation_profile_latency_3_2026-09-26T09-44-58.777892+00-00.json,hotelreservation,profile,latency,3,2026-09-26T09:44:58.777892+00:00,1,0,0,1,0,14.15,False,20.3,13.634899999999998,2697.8415,16.458299999999998,5240.1725,0.0,0.0,True,False,2684.2066,5223.714199999999,0.0,1,14.15
run_hotelreservation_profile_latency_4_2026-09-26T11-19-18.491643+00-00.json,hotelreservation,profile,latency,4,2026-09-26T11:19:18.491643+00:00,1,0,0,1,0,29.0,False,35.33,11.53975,6128.51455,13.775589999999998,7322.530979999998,0.0,0.0,True,False,6116.9748,7308.7553899999975,0.0,1,29.0
run_hotelreservation_profile_latency_5_2026-09-26T12-48-19.353811+00-00.json,hotelreservation,profile,latency,5,2026-09-26T12:48:19.353811+00:00,1,0,0,1,0,28.22,False,34.23,11.822549999999994,3384.477,13.94401,3834.309149999999,0.0,0.0,True,False,3372.65445,3820.365139999999,0.0,1,28.22
run_hotelreservation_rate_kill_1_2026-09-26T06-04-54.396271+00-00.json,hotelreservation,rate,kill,1,2026-09-26T06:04:54.396271+00:00,2,0,0,2,0,19.45,False,25.8,15.468499999999997,6.469049999999999,19.93501,7.72929,0.0,0.53,True,False,-8.999449999999998,-12.20572,0.53,1,19.45
run_hotelreservation_rate_kill_2_2026-09-26T08-01-19.724905+00-00.json,hotelreservation,rate,kill,2,2026-09-26T08:01:19.724905+00:00,2,0,0,2,0,19.7,False,25.64,12.953449999999998,5.090249999999999,16.1562,5.810339999999999,0.0,0.592,True,False,-7.863199999999999,-10.345859999999998,0.592,1,19.7
run_hotelreservation_rate_kill_3_2026-09-26T09-30-04.940742+00-00.json,hotelreservation,rate,kill,3,2026-09-26T09:30:04.940742+00:00,2,0,0,2,0,25.88,False,31.9,13.120199999999999,5.29625,15.369549999999998,6.375299999999995,0.0,0.56,True,False,-7.823949999999999,-8.994250000000005,0.56,1,25.88
run_hotelreservation_rate_kill_4_2026-09-26T10-59-18.495746+00-00.json,hotelreservation,rate,kill,4,2026-09-26T10:59:18.495746+00:00,2,0,0,2,0,29.52,False,35.55,13.132449999999999,5.070899999999999,17.814009999999996,6.67432,0.0,0.552,True,False,-8.06155,-11.139689999999996,0.552,1,29.52
run_hotelreservation_rate_kill_5_2026-09-26T12-33-19.105372+00-00.json,hotelreservation,rate,kill,5,2026-09-26T12:33:19.105372+00:00,2,0,0,2,0,20.85,False,26.88,13.359499999999999,5.0440499999999995,15.300209999999998,5.656569999999998,0.0,0.564,True,False,-8.315449999999998,-9.643640000000001,0.564,1,20.85
run_hotelreservation_rate_latency_1_2026-09-26T06-45-05.292356+00-00.json,hotelreservation,rate,latency,1,2026-09-26T06:45:05.292356+00:00,2,0,0,2,0,44.02,False,49.11,12.59344999999999,4288.8705,17.717679999999998,10529.87665,0.0,0.0,True,False,4276.27705,10512.15897,0.0,1,44.02
run_hotelreservation_rate_latency_2_2026-09-26T08-19-44.224210+00-00.json,hotelreservation,rate,latency,2,2026-09-26T08:19:44.224210+00:00,2,0,0,2,0,15.69,False,22.31,13.624799999999997,5817.24325,16.41725,6839.491199999991,0.0,0.0,True,False,5803.618450000001,6823.073949999991,0.0,1,15.69
run_hotelreservation_rate_latency_3_2026-09-26T09-47-28.137383+00-00.json,hotelreservation,rate,latency,3,2026-09-26T09:47:28.137383+00:00,2,0,0,2,0,22.92,False,29.2,12.834499999999998,10935.793300000001,15.39412,15169.52308,0.0,0.0,True,False,10922.9588,15154.12896,0.0,1,22.92
run_hotelreservation_rate_latency_4_2026-09-26T11-21-41.644988+00-00.json,hotelreservation,rate,latency,4,2026-09-26T11:21:41.644988+00:00,2,0,0,2,0,15.35,False,21.74,12.126399999999997,2899.6522999999997,15.028009999999998,5597.064419999994,0.0,0.0,True,False,2887.5258999999996,5582.036409999994,0.0,1,15.35
run_hotelreservation_rate_latency_5_2026-09-26T12-50-43.201171+00-00.json,hotelreservation,rate,latency,5,2026-09-26T12:50:43.201171+00:00,2,0,0,2,0,16.87,False,23.28,12.268500000000001,14271.293199999996,14.406459999999992,15398.592079999999,0.0,0.0,True,False,14259.024699999996,15384.185619999998,0.0,1,16.87
run_hotelreservation_recommendation_kill_1_2026-09-26T06-07-39.179761+00-00.json,hotelreservation,recommendation,kill,1,2026-09-26T06:07:39.179761+00:00,1,0,0,1,0,28.07,False,34.76,14.843999999999994,15.189899999999987,17.348429999999997,18.972769999999997,0.0,0.086,True,False,0.3458999999999932,1.6243400000000001,0.086,1,28.07
run_hotelreservation_recommendation_kill_2_2026-09-26T08-04-09.560333+00-00.json,hotelreservation,recommendation,kill,2,2026-09-26T08:04:09.560333+00:00,1,0,0,1,0,34.57,False,40.71,13.11405,12.873449999999998,14.780109999999999,15.773359999999998,0.0,0.092,True,False,-0.24060000000000237,0.9932499999999997,0.092,1,34.57
run_hotelreservation_recommendation_kill_3_2026-09-26T09-32-42.182484+00-00.json,hotelreservation,recommendation,kill,3,2026-09-26T09:32:42.182484+00:00,1,0,0,1,0,22.63,False,28.98,12.55435,12.746049999999999,15.055919999999999,15.03094,0.0,0.074,True,False,0.1916999999999991,-0.024979999999999336,0.074,1,22.63
run_hotelreservation_recommendation_kill_4_2026-09-26T11-01-51.600030+00-00.json,hotelreservation,recommendation,kill,4,2026-09-26T11:01:51.600030+00:00,1,0,0,1,0,18.11,False,24.28,13.4809,13.042049999999987,16.45063,16.996889999999997,0.0,0.09,True,False,-0.43885000000001284,0.5462599999999966,0.09,1,18.11
run_hotelreservation_recommendation_kill_5_2026-09-26T12-35-49.847468+00-00.json,hotelreservation,recommendation,kill,5,2026-09-26T12:35:49.847468+00:00,1,0,0,1,0,18.83,False,24.81,11.977849999999997,12.51019999999999,14.19323,17.052169999999997,0.0,0.082,True,False,0.5323499999999939,2.858939999999997,0.082,1,18.83
run_hotelreservation_recommendation_latency_1_2026-09-26T06-47-29.865431+00-00.json,hotelreservation,recommendation,latency,1,2026-09-26T06:47:29.865431+00:00,1,0,0,1,0,12.93,False,19.39,15.202299999999997,562.3720999999997,19.42975999999998,706.71542,0.0,0.0,True,False,547.1697999999997,687.28566,0.0,1,12.93
run_hotelreservation_recommendation_latency_2_2026-09-26T08-22-19.259471+00-00.json,hotelreservation,recommendation,latency,2,2026-09-26T08:22:19.259471+00:00,1,0,0,1,0,25.45,False,31.82,12.4541,555.0211,15.006579999999998,655.9691299999996,0.0,0.0,True,False,542.567,640.9625499999996,0.0,1,25.45
run_hotelreservation_recommendation_latency_3_2026-09-26T09-50-03.534554+00-00.json,hotelreservation,recommendation,latency,3,2026-09-26T09:50:03.534554+00:00,1,0,0,1,0,25.41,False,31.81,12.81495,500.1903999999997,14.79047,747.7893199999996,0.0,0.0,True,False,487.3754499999997,732.9988499999996,0.0,1,25.41
run_hotelreservation_recommendation_latency_4_2026-09-26T11-24-24.712996+00-00.json,hotelreservation,recommendation,latency,4,2026-09-26T11:24:24.712996+00:00,1,0,0,1,0,33.03,False,39.53,11.954599999999994,543.2702999999996,13.579029999999998,655.1622099999997,0.0,0.0,True,False,531.3156999999995,641.5831799999997,0.0,1,33.03
run_hotelreservation_recommendation_latency_5_2026-09-26T12-53-19.607007+00-00.json,hotelreservation,recommendation,latency,5,2026-09-26T12:53:19.607007+00:00,1,0,0,1,0,26.96,False,33.13,12.679799999999998,534.44125,16.32945999999999,747.93913,0.0,0.0,True,False,521.76145,731.6096699999999,0.0,1,26.96
run_hotelreservation_reservation_kill_1_2026-09-26T06-34-14.113154+00-00.json,hotelreservation,reservation,kill,1,2026-09-26T06:34:14.113154+00:00,1,0,0,1,0,17.21,False,23.28,14.202899999999993,7.830199999999992,17.72629,10.23228,0.0,0.734,True,False,-6.372700000000001,-7.494009999999999,0.734,1,17.21
run_hotelreservation_reservation_kill_2_2026-09-26T08-06-38.427121+00-00.json,hotelreservation,reservation,kill,2,2026-09-26T08:06:38.427121+00:00,1,0,0,1,0,19.06,False,25.08,12.632449999999999,7.043799999999999,16.16938,8.541599999999997,0.0,0.692,True,False,-5.5886499999999995,-7.627780000000003,0.692,1,19.06
run_hotelreservation_reservation_kill_3_2026-09-26T09-35-10.438995+00-00.json,hotelreservation,reservation,kill,3,2026-09-26T09:35:10.438995+00:00,1,0,0,1,0,21.52,False,26.82,13.294299999999998,6.646299999999999,15.371089999999999,8.014629999999995,0.0,0.758,True,False,-6.647999999999999,-7.356460000000004,0.758,1,21.52
run_hotelreservation_reservation_kill_4_2026-09-26T11-06-40.520579+00-00.json,hotelreservation,reservation,kill,4,2026-09-26T11:06:40.520579+00:00,1,0,0,1,0,156.27,False,162.45,12.267149999999994,6.3866499999999995,13.972549999999998,7.540299999999994,0.0,0.744,True,False,-5.880499999999994,-6.432250000000004,0.744,1,156.27
run_hotelreservation_reservation_kill_5_2026-09-26T12-38-19.579542+00-00.json,hotelreservation,reservation,kill,5,2026-09-26T12:38:19.579542+00:00,1,0,0,1,0,19.33,False,25.4,13.663899999999996,6.3809499999999995,15.504719999999999,8.011229999999998,0.0,0.7,True,False,-7.282949999999997,-7.493490000000001,0.7,1,19.33
run_hotelreservation_reservation_latency_1_2026-09-26T06-49-54.191027+00-00.json,hotelreservation,reservation,latency,1,2026-09-26T06:49:54.191027+00:00,1,0,0,1,0,15.9,False,20.99,14.624199999999993,2624.1162,19.08787999999999,3193.9038,0.0,0.0,True,False,2609.4919999999997,3174.81592,0.0,1,15.9
run_hotelreservation_reservation_latency_2_2026-09-26T08-25-14.098819+00-00.json,hotelreservation,reservation,latency,2,2026-09-26T08:25:14.098819+00:00,1,0,0,1,0,46.75,False,53.4,12.759249999999986,1819.6462499999996,15.136519999999996,2472.2512199999987,0.0,0.0,True,False,1806.8869999999995,2457.1146999999987,0.0,1,46.75
run_hotelreservation_reservation_latency_3_2026-09-26T09-52-33.670180+00-00.json,hotelreservation,reservation,latency,3,2026-09-26T09:52:33.670180+00:00,1,0,0,1,0,16.55,False,22.95,13.400949999999996,1746.7908,15.980179999999997,2556.6251200000006,0.0,0.0,True,False,1733.38985,2540.6449400000006,0.0,1,16.55
run_hotelreservation_reservation_latency_4_2026-09-26T11-26-49.567417+00-00.json,hotelreservation,reservation,latency,4,2026-09-26T11:26:49.567417+00:00,1,0,0,1,0,14.58,False,21.1,12.719299999999997,1792.8795,15.60538,2103.7347999999993,0.0,0.0,True,False,1780.1602,2088.1294199999993,0.0,1,14.58
run_hotelreservation_reservation_latency_5_2026-09-26T12-56-32.800044+00-00.json,hotelreservation,reservation,latency,5,2026-09-26T12:56:32.800044+00:00,1,0,0,1,0,64.55,False,71.33,12.610449999999993,1810.99815,14.201389999999998,2539.6387000000004,0.0,0.0,True,False,1798.3877,2525.4373100000003,0.0,1,64.55
run_hotelreservation_search_kill_1_2026-09-26T06-36-58.749675+00-00.json,hotelreservation,search,kill,1,2026-09-26T06:36:58.749675+00:00,1,0,0,1,2,28.35,False,34.25,13.176799999999986,5.920749999999999,17.49456,8.719149999999999,0.0,0.53,True,False,-7.256049999999987,-8.77541,0.53,1,28.35
run_hotelreservation_search_kill_2_2026-09-26T08-09-26.547178+00-00.json,hotelreservation,search,kill,2,2026-09-26T08:09:26.547178+00:00,1,0,0,1,2,39.9,False,45.98,12.535299999999998,4.925299999999999,15.091619999999978,5.668179999999997,0.0,0.526,True,False,-7.6099999999999985,-9.423439999999982,0.526,1,39.9
run_hotelreservation_search_kill_3_2026-09-26T09-37-45.729794+00-00.json,hotelreservation,search,kill,3,2026-09-26T09:37:45.729794+00:00,1,0,0,1,2,22.28,False,29.94,19.3142,4.917399999999999,35.67869999999991,5.9777,0.0,0.556,True,False,-14.3968,-29.700999999999908,0.556,1,22.28
run_hotelreservation_search_kill_4_2026-09-26T11-09-11.446507+00-00.json,hotelreservation,search,kill,4,2026-09-26T11:09:11.446507+00:00,1,0,0,1,2,22.06,False,28.18,14.570899999999998,4.796199999999999,19.247499999999988,5.7957199999999975,0.0,0.528,True,False,-9.7747,-13.45177999999999,0.528,1,22.06
run_hotelreservation_search_kill_5_2026-09-26T12-40-49.594428+00-00.json,hotelreservation,search,kill,5,2026-09-26T12:40:49.594428+00:00,1,0,0,1,2,20.36,False,26.52,12.809649999999992,4.9456,15.681369999999996,5.79307,0.0,0.56,True,False,-7.864049999999993,-9.888299999999996,0.56,1,20.36
run_hotelreservation_search_latency_1_2026-09-26T06-52-17.980074+00-00.json,hotelreservation,search,latency,1,2026-09-26T06:52:17.980074+00:00,1,0,0,1,2,16.25,False,22.46,12.508849999999999,1914.5058,15.94844,2042.3380399999994,0.0,0.0,True,False,1901.99695,2026.3895999999995,0.0,1,16.25
run_hotelreservation_search_latency_2_2026-09-26T08-27-37.560284+00-00.json,hotelreservation,search,latency,2,2026-09-26T08:27:37.560284+00:00,1,0,0,1,2,15.34,False,21.98,13.044999999999991,2080.9256,15.342979999999994,2239.7708,0.0,0.0,True,False,2067.8806,2224.42782,0.0,1,15.34
run_hotelreservation_search_latency_3_2026-09-26T09-56-02.923579+00-00.json,hotelreservation,search,latency,3,2026-09-26T09:56:02.923579+00:00,1,0,0,1,2,79.18,False,85.72,12.894949999999994,1997.317,17.662589999999998,2403.398800000001,0.0,0.0,True,False,1984.4220500000001,2385.736210000001,0.0,1,79.18
run_hotelreservation_search_latency_4_2026-09-26T11-29-23.079917+00-00.json,hotelreservation,search,latency,4,2026-09-26T11:29:23.079917+00:00,1,0,0,1,2,24.74,False,31.27,12.3082,1934.9648,13.47058,2195.23988,0.0,0.0,True,False,1922.6566,2181.7693,0.0,1,24.74
run_hotelreservation_search_latency_5_2026-09-26T12-59-20.927046+00-00.json,hotelreservation,search,latency,5,2026-09-26T12:59:20.927046+00:00,1,0,0,1,2,38.49,False,45.17,12.054349999999998,2117.3849499999997,14.561589999999995,2458.2554399999995,0.0,0.0,True,False,2105.3306,2443.6938499999997,0.0,1,38.49
run_hotelreservation_user_kill_1_2026-09-26T06-39-35.929275+00-00.json,hotelreservation,user,kill,1,2026-09-26T06:39:35.929275+00:00,1,0,0,1,0,19.69,False,25.64,12.75615,13.709349999999997,17.042459999999995,15.93258999999999,0.0,0.42,True,False,0.9531999999999972,-1.1098700000000044,0.42,1,19.69
run_hotelreservation_user_kill_2_2026-09-26T08-12-29.109168+00-00.json,hotelreservation,user,kill,2,2026-09-26T08:12:29.109168+00:00,1,0,0,1,0,50.03,False,56.24,11.94079999999999,12.95785,14.279759999999996,15.074919999999997,0.0,0.354,True,False,1.01705000000001,0.795160000000001,0.354,1,50.03
run_hotelreservation_user_kill_3_2026-09-26T09-40-16.204758+00-00.json,hotelreservation,user,kill,3,2026-09-26T09:40:16.204758+00:00,1,0,0,1,0,18.04,False,24.2,13.327399999999997,13.673149999999998,16.524089999999998,16.130959999999998,0.0,0.356,True,False,0.34575000000000067,-0.3931299999999993,0.356,1,18.04
run_hotelreservation_user_kill_4_2026-09-26T11-12-33.984872+00-00.json,hotelreservation,user,kill,4,2026-09-26T11:12:33.984872+00:00,1,0,0,1,0,63.43,False,69.79,13.471299999999994,16.24549999999999,21.40914,20.283219999999993,0.0,0.38,True,False,2.774199999999995,-1.1259200000000078,0.38,1,63.43
run_hotelreservation_user_kill_5_2026-09-26T12-43-18.543144+00-00.json,hotelreservation,user,kill,5,2026-09-26T12:43:18.543144+00:00,1,0,0,1,0,16.23,False,22.34,12.571849999999984,11.875949999999996,15.352579999999994,13.93865,0.0,0.36,True,False,-0.6958999999999875,-1.4139299999999935,0.36,1,16.23
run_hotelreservation_user_latency_1_2026-09-26T06-54-40.586471+00-00.json,hotelreservation,user,latency,1,2026-09-26T06:54:40.586471+00:00,1,0,0,1,0,13.64,False,19.74,12.2296,594.63645,15.709899999999969,672.2211199999998,0.0,0.0,True,False,582.40685,656.5112199999999,0.0,1,13.64
run_hotelreservation_user_latency_2_2026-09-26T08-30-00.167542+00-00.json,hotelreservation,user,latency,2,2026-09-26T08:30:00.167542+00:00,1,0,0,1,0,12.65,False,19.4,13.345099999999997,662.3163499999996,15.381089999999997,839.6929799999999,0.0,0.0,True,False,648.9712499999996,824.31189,0.0,1,12.65
run_hotelreservation_user_latency_3_2026-09-26T09-58-33.341182+00-00.json,hotelreservation,user,latency,3,2026-09-26T09:58:33.341182+00:00,1,0,0,1,0,14.98,False,22.62,14.743799999999997,577.59615,17.664909999999992,650.5201299999999,0.0,0.0,True,False,562.85235,632.8552199999999,0.0,1,14.98
run_hotelreservation_user_latency_4_2026-09-26T11-31-52.440734+00-00.json,hotelreservation,user,latency,4,2026-09-26T11:31:52.440734+00:00,1,0,0,1,0,18.94,False,25.79,12.1551,591.1551499999999,15.033279999999996,704.3103799999999,0.0,0.0,True,False,579.00005,689.2770999999999,0.0,1,18.94
run_hotelreservation_user_latency_5_2026-09-26T13-01-43.500865+00-00.json,hotelreservation,user,latency,5,2026-09-26T13:01:43.500865+00:00,1,0,0,1,0,12.86,False,19.43,12.978899999999992,593.563,15.56029,719.6894599999998,0.0,0.0,True,False,580.5841,704.1291699999998,0.0,1,12.86
run_socialnetwork_compose-post-service_kill_1_2026-09-26T05-02-52.343566+00-00.json,socialnetwork,compose-post-service,kill,1,2026-09-26T05:02:52.343566+00:00,1,0,0,1,10,15.06,False,20.93,51.859,2435.9267999999975,58.365750000000006,10045.96676,0.0,0.2706,True,False,2384.0677999999975,9987.601009999998,0.2706,1,15.06
run_socialnetwork_compose-post-service_kill_2_2026-09-26T07-04-30.500024+00-00.json,socialnetwork,compose-post-service,kill,2,2026-09-26T07:04:30.500024+00:00,1,0,0,1,10,24.19,False,30.85,54.241,1735.8296,56.9868,1762.5947999999999,0.0,0.2571,True,False,1681.5886,1705.608,0.2571,1,24.19
run_socialnetwork_compose-post-service_kill_3_2026-09-26T08-32-55.199228+00-00.json,socialnetwork,compose-post-service,kill,3,2026-09-26T08:32:55.199228+00:00,1,2,0,1,10,26.56,False,33.16,54.95369999999999,1805.6263499999977,58.11069999999996,10047.83913,0.0,0.26,True,False,1750.6726499999977,9989.728430000001,0.26,1,26.56
run_socialnetwork_compose-post-service_kill_4_2026-09-26T10-01-26.883335+00-00.json,socialnetwork,compose-post-service,kill,4,2026-09-26T10:01:26.883335+00:00,1,0,0,1,10,15.55,False,21.87,56.17475,1741.04905,59.92943,1784.0135000000046,0.0,0.24,True,False,1684.8743000000002,1724.0840700000047,0.24,1,15.55
run_socialnetwork_compose-post-service_kill_5_2026-09-26T11-34-35.951506+00-00.json,socialnetwork,compose-post-service,kill,5,2026-09-26T11:34:35.951506+00:00,1,0,0,1,10,15.43,False,21.86,55.445,1729.9936,57.31665,2767.0784400000375,0.0,0.236,True,False,1674.5486,2709.7617900000373,0.236,1,15.43
run_socialnetwork_compose-post-service_latency_1_2026-09-26T13-11-04.967236+00-00.json,socialnetwork,compose-post-service,latency,1,2026-09-26T13:11:04.967236+00:00,1,0,0,1,10,21.7,False,28.03,53.2696,3357.8051999999993,57.86659999999999,3981.862459999996,0.0,0.0,True,False,3304.5355999999992,3923.9958599999964,0.0,1,21.7
run_socialnetwork_compose-post-service_latency_2_2026-09-26T07-29-54.378863+00-00.json,socialnetwork,compose-post-service,latency,2,2026-09-26T07:29:54.378863+00:00,1,0,0,1,10,15.56,False,21.32,55.027,3667.7315499999995,56.832499999999996,4187.766779999998,0.0,0.0,True,False,3612.7045499999995,4130.934279999998,0.0,1,15.56
run_socialnetwork_compose-post-service_latency_3_2026-09-26T08-58-38.393254+00-00.json,socialnetwork,compose-post-service,latency,3,2026-09-26T08:58:38.393254+00:00,1,0,0,1,10,13.6,False,20.03,54.9345,2885.4986999999996,56.5295,3143.27326,0.0,0.0,True,False,2830.5642,3086.74376,0.0,1,13.6
run_socialnetwork_compose-post-service_latency_4_2026-09-26T10-27-13.841445+00-00.json,socialnetwork,compose-post-service,latency,4,2026-09-26T10:27:13.841445+00:00,1,0,0,1,10,13.25,False,19.76,54.807,3310.14325,57.2644,4487.220499999999,0.0,0.0,True,False,3255.3362500000003,4429.956099999999,0.0,1,13.25
run_socialnetwork_compose-post-service_latency_5_2026-09-26T12-00-19.327200+00-00.json,socialnetwork,compose-post-service,latency,5,2026-09-26T12:00:19.327200+00:00,1,0,0,1,10,17.3,False,23.68,55.7505,3611.2745,58.1722,4112.17469,0.0,0.0,True,False,3555.524,4054.00249,0.0,1,17.3
run_socialnetwork_home-timeline-service_kill_1_2026-09-26T05-05-11.366947+00-00.json,socialnetwork,home-timeline-service,kill,1,2026-09-26T05:05:11.366947+00:00,2,0,0,2,3,15.38,False,21.53,55.29875,7705.477399999991,58.201640000000005,10002.345,0.0,0.5417,True,False,7650.178649999991,9944.14336,0.5417,1,15.38
run_socialnetwork_home-timeline-service_kill_2_2026-09-26T07-06-50.261667+00-00.json,socialnetwork,home-timeline-service,kill,2,2026-09-26T07:06:50.261667+00:00,2,0,0,2,3,16.57,False,22.31,54.01875,8296.256499999976,58.39234999999999,10005.389580000001,0.0,0.617,True,False,8242.237749999977,9946.99723,0.617,1,16.57
run_socialnetwork_home-timeline-service_kill_3_2026-09-26T08-35-14.937771+00-00.json,socialnetwork,home-timeline-service,kill,3,2026-09-26T08:35:14.937771+00:00,2,0,0,2,3,14.49,False,20.78,54.99179999999999,3420.0386000000003,59.23787999999999,3432.23664,0.0,0.5763,True,False,3365.0468000000005,3372.99876,0.5763,1,14.49
run_socialnetwork_home-timeline-service_kill_4_2026-09-26T10-03-48.411862+00-00.json,socialnetwork,home-timeline-service,kill,4,2026-09-26T10:03:48.411862+00:00,2,0,0,2,3,15.67,False,21.74,55.17275,3653.0865000000003,59.674,7151.816,0.0,0.5098,True,False,3597.91375,7092.142,0.5098,1,15.67
run_socialnetwork_home-timeline-service_kill_5_2026-09-26T11-36-56.349393+00-00.json,socialnetwork,home-timeline-service,kill,5,2026-09-26T11:36:56.349393+00:00,2,0,0,2,3,14.75,False,21.1,55.3491,3408.29,57.35118000000001,3835.453529999999,0.0,0.5741,True,False,3352.9409,3778.1023499999988,0.5741,1,14.75
run_socialnetwork_home-timeline-service_latency_1_2026-09-26T13-13-29.613856+00-00.json,socialnetwork,home-timeline-service,latency,1,2026-09-26T13:13:29.613856+00:00,2,0,0,2,3,14.86,False,21.27,54.147,2753.2299999999987,56.71641,3195.6314000000007,0.0,0.0,True,False,2699.0829999999987,3138.9149900000007,0.0,1,14.86
run_socialnetwork_home-timeline-service_latency_2_2026-09-26T07-32-14.835801+00-00.json,socialnetwork,home-timeline-service,latency,2,2026-09-26T07:32:14.835801+00:00,2,0,0,2,3,15.57,False,21.47,55.01895,2752.927600000001,57.79506,3741.85988,0.0,0.0,True,False,2697.9086500000008,3684.06482,0.0,1,15.57
run_socialnetwork_home-timeline-service_latency_3_2026-09-26T09-00-58.742080+00-00.json,socialnetwork,home-timeline-service,latency,3,2026-09-26T09:00:58.742080+00:00,2,0,0,2,3,15.2,False,20.27,54.6615,2071.45175,57.312619999999995,2379.431,0.0,0.0,True,False,2016.7902500000002,2322.11838,0.0,1,15.2
run_socialnetwork_home-timeline-service_latency_4_2026-09-26T10-29-35.058327+00-00.json,socialnetwork,home-timeline-service,latency,4,2026-09-26T10:29:35.058327+00:00,2,0,0,2,3,16.05,False,22.65,54.905699999999996,5759.51375,57.19821999999999,6367.841050000001,0.0,0.0,True,False,5704.60805,6310.642830000001,0.0,1,16.05
run_socialnetwork_home-timeline-service_latency_5_2026-09-26T12-02-45.607668+00-00.json,socialnetwork,home-timeline-service,latency,5,2026-09-26T12:02:45.607668+00:00,2,0,0,2,3,21.45,False,27.44,54.6142,4467.0222,57.13624,5394.22656,0.0,0.0,True,False,4412.408,5337.09032,0.0,1,21.45
run_socialnetwork_media-service_kill_1_2026-09-26T05-07-32.155512+00-00.json,socialnetwork,media-service,kill,1,2026-09-26T05:07:32.155512+00:00,2,0,0,2,0,16.06,False,21.83,54.351749999999996,6325.07,59.351890000000004,9332.575799999999,0.0,0.2459,True,False,6270.71825,9273.223909999999,0.2459,1,16.06
run_socialnetwork_media-service_kill_2_2026-09-26T07-09-09.870118+00-00.json,socialnetwork,media-service,kill,2,2026-09-26T07:09:09.870118+00:00,2,0,0,2,0,16.5,False,22.25,54.04835,6337.0414,56.52047,8065.471380000003,0.0,0.3091,True,False,6282.99305,8008.950910000002,0.3091,1,16.5
run_socialnetwork_media-service_kill_3_2026-09-26T08-37-40.675019+00-00.json,socialnetwork,media-service,kill,3,2026-09-26T08:37:40.675019+00:00,2,0,0,2,0,20.64,False,27.07,54.6989,6328.4969,56.42853999999999,7897.741900000006,0.0,0.2373,True,False,6273.798,7841.3133600000065,0.2373,1,20.64
run_socialnetwork_media-service_kill_4_2026-09-26T10-06-07.368959+00-00.json,socialnetwork,media-service,kill,4,2026-09-26T10:06:07.368959+00:00,2,0,0,2,0,12.16,False,18.69,54.6766,7295.93125,61.17235999999996,10051.9971,0.0,0.1429,True,False,7241.25465,9990.82474,0.1429,1,12.16
run_socialnetwork_media-service_kill_5_2026-09-26T11-39-16.515505+00-00.json,socialnetwork,media-service,kill,5,2026-09-26T11:39:16.515505+00:00,2,0,0,2,0,14.16,False,20.59,55.414249999999996,6344.7828,58.690599999999996,7155.62619,0.0,0.15,True,False,6289.36855,7096.93559,0.15,1,14.16
run_socialnetwork_media-service_latency_1_2026-09-26T13-15-53.035477+00-00.json,socialnetwork,media-service,latency,1,2026-09-26T13:15:53.035477+00:00,2,0,0,2,0,14.32,False,20.75,54.47525,622.221,57.15875,1095.4794,0.0,0.0,True,False,567.74575,1038.32065,0.0,1,14.32
run_socialnetwork_media-service_latency_2_2026-09-26T07-34-34.222312+00-00.json,socialnetwork,media-service,latency,2,2026-09-26T07:34:34.222312+00:00,2,0,0,2,0,15.28,False,21.23,54.3598,599.2878999999999,56.33938,1023.6573399999995,0.0,0.0,True,False,544.9281,967.3179599999995,0.0,1,15.28
run_socialnetwork_media-service_latency_3_2026-09-26T09-03-19.468708+00-00.json,socialnetwork,media-service,latency,3,2026-09-26T09:03:19.468708+00:00,2,0,0,2,0,15.15,False,21.81,55.14995,647.77275,56.655629999999995,1079.77885,0.0,0.0,True,False,592.6228,1023.12322,0.0,1,15.15
run_socialnetwork_media-service_latency_4_2026-09-26T10-31-54.551835+00-00.json,socialnetwork,media-service,latency,4,2026-09-26T10:31:54.551835+00:00,2,0,0,2,0,13.86,False,20.34,54.64834999999999,629.01,57.14938,1150.0646000000006,0.0,0.0,True,False,574.36165,1092.9152200000005,0.0,1,13.86
run_socialnetwork_media-service_latency_5_2026-09-26T12-05-05.851026+00-00.json,socialnetwork,media-service,latency,5,2026-09-26T12:05:05.851026+00:00,2,0,0,2,0,14.83,False,21.15,54.9356,625.2411999999999,58.471270000000004,1118.35301,0.0,0.0,True,False,570.3055999999999,1059.88174,0.0,1,14.83
run_socialnetwork_post-storage-service_kill_1_2026-09-26T05-09-51.044105+00-00.json,socialnetwork,post-storage-service,kill,1,2026-09-26T05:09:51.044105+00:00,4,0,0,4,0,14.75,False,20.3,53.942600000000006,4246.0960000000005,58.59436000000002,4304.50129,0.0,0.7105,True,False,4192.1534,4245.90693,0.7105,1,14.75
run_socialnetwork_post-storage-service_kill_2_2026-09-26T07-11-29.299852+00-00.json,socialnetwork,post-storage-service,kill,2,2026-09-26T07:11:29.299852+00:00,4,0,0,4,0,15.31,False,21.4,54.9988,4312.11225,57.478609999999996,5064.52164,0.0,0.75,True,False,4257.11345,5007.04303,0.75,1,15.31
run_socialnetwork_post-storage-service_kill_3_2026-09-26T08-40-00.885506+00-00.json,socialnetwork,post-storage-service,kill,3,2026-09-26T08:40:00.885506+00:00,4,0,0,4,0,15.35,False,21.6,54.994,4257.3333,57.730000000000004,4290.09398,0.0,0.7143,True,False,4202.339300000001,4232.36398,0.7143,1,15.35
run_socialnetwork_post-storage-service_kill_4_2026-09-26T10-08-29.055340+00-00.json,socialnetwork,post-storage-service,kill,4,2026-09-26T10:08:29.055340+00:00,4,0,0,4,0,16.51,False,22.33,53.234,4271.9137,55.9978,4308.35741,0.0,0.5682,True,False,4218.6797,4252.3596099999995,0.5682,1,16.51
run_socialnetwork_post-storage-service_kill_5_2026-09-26T11-41-34.467698+00-00.json,socialnetwork,post-storage-service,kill,5,2026-09-26T11:41:34.467698+00:00,4,0,0,4,0,13.9,False,19.47,54.14,3560.2981999999975,57.293200000000006,4280.4305699999995,0.0,0.7222,True,False,3506.1581999999976,4223.1373699999995,0.7222,1,13.9
run_socialnetwork_post-storage-service_latency_1_2026-09-26T13-18-16.029461+00-00.json,socialnetwork,post-storage-service,latency,1,2026-09-26T13:18:16.029461+00:00,4,0,0,4,0,15.33,False,20.45,54.63805,2542.362699999998,56.86236,3189.139780000001,0.0,0.0,True,False,2487.724649999998,3132.277420000001,0.0,1,15.33
run_socialnetwork_post-storage-service_latency_2_2026-09-26T07-36-55.952304+00-00.json,socialnetwork,post-storage-service,latency,2,2026-09-26T07:36:55.952304+00:00,4,0,0,4,0,15.45,False,21.68,54.8455,1770.3805999999988,57.5878,3111.252519999979,0.0,0.0,True,False,1715.535099999999,3053.6647199999793,0.0,1,15.45
run_socialnetwork_post-storage-service_latency_3_2026-09-26T09-05-40.552354+00-00.json,socialnetwork,post-storage-service,latency,3,2026-09-26T09:05:40.552354+00:00,3,0,0,4,0,15.26,False,21.66,55.19965,1622.2584999999995,57.38830999999999,2777.97489,0.0,0.0,True,False,1567.0588499999994,2720.58658,0.0,1,15.26
run_socialnetwork_post-storage-service_latency_4_2026-09-26T10-34-14.541000+00-00.json,socialnetwork,post-storage-service,latency,4,2026-09-26T10:34:14.541000+00:00,4,0,0,4,0,15.89,False,21.11,54.5595,2987.2828999999992,56.97718,3694.3638599999954,0.0,0.0,True,False,2932.7233999999994,3637.3866799999955,0.0,1,15.89
run_socialnetwork_post-storage-service_latency_5_2026-09-26T12-07-30.831702+00-00.json,socialnetwork,post-storage-service,latency,5,2026-09-26T12:07:30.831702+00:00,4,0,0,4,0,16.72,False,23.29,55.1074,2885.8208499999996,57.76103999999998,4981.915610000001,0.0,0.0,True,False,2830.7134499999997,4924.154570000001,0.0,1,16.72
run_socialnetwork_social-graph-service_kill_1_2026-09-26T05-12-08.694278+00-00.json,socialnetwork,social-graph-service,kill,1,2026-09-26T05:12:08.694278+00:00,3,0,0,3,1,14.06,False,19.61,54.726350000000004,4314.310649999999,57.90014,4361.0969000000005,0.0,0.2125,True,False,4259.5842999999995,4303.196760000001,0.2125,1,14.06
run_socialnetwork_social-graph-service_kill_2_2026-09-26T07-13-45.448544+00-00.json,socialnetwork,social-graph-service,kill,2,2026-09-26T07:13:45.448544+00:00,3,0,0,3,1,12.68,False,18.56,55.14125,3427.0654,57.63765,4317.48343,0.0,0.225,True,False,3371.92415,4259.845780000001,0.225,1,12.68
run_socialnetwork_social-graph-service_kill_3_2026-09-26T08-42-21.036443+00-00.json,socialnetwork,social-graph-service,kill,3,2026-09-26T08:42:21.036443+00:00,3,0,0,3,1,14.99,False,21.53,54.43755,3450.1915,56.09564,6219.1585,0.0,0.2745,True,False,3395.75395,6163.06286,0.2745,1,14.99
run_socialnetwork_social-graph-service_kill_4_2026-09-26T10-10-50.427077+00-00.json,socialnetwork,social-graph-service,kill,4,2026-09-26T10:10:50.427077+00:00,3,0,0,3,1,16.24,False,22.6,53.215799999999994,3467.6989000000003,56.623599999999996,4108.80874,0.0,0.2553,True,False,3414.4831000000004,4052.1851400000005,0.2553,1,16.24
run_socialnetwork_social-graph-service_kill_5_2026-09-26T11-43-54.201600+00-00.json,socialnetwork,social-graph-service,kill,5,2026-09-26T11:43:54.201600+00:00,3,0,0,3,1,15.75,False,20.75,54.4508,3456.1376,58.26051,4292.705080000001,0.0,0.2472,True,False,3401.6868,4234.444570000001,0.2472,1,15.75
run_socialnetwork_social-graph-service_latency_1_2026-09-26T13-20-40.631855+00-00.json,socialnetwork,social-graph-service,latency,1,2026-09-26T13:20:40.631855+00:00,3,0,0,3,1,15.42,False,21.8,54.99689999999999,1747.074,58.41087999999998,2608.307700000003,0.0,0.0,True,False,1692.0771,2549.896820000003,0.0,1,15.42
run_socialnetwork_social-graph-service_latency_2_2026-09-26T07-39-16.102628+00-00.json,socialnetwork,social-graph-service,latency,2,2026-09-26T07:39:16.102628+00:00,3,0,0,3,1,15.84,False,21.64,55.35135,2114.4599999999996,58.510239999999996,4936.248640000002,0.0,0.0,True,False,2059.1086499999997,4877.738400000002,0.0,1,15.84
run_socialnetwork_social-graph-service_latency_3_2026-09-26T09-08-00.178531+00-00.json,socialnetwork,social-graph-service,latency,3,2026-09-26T09:08:00.178531+00:00,3,0,0,3,1,13.95,False,20.52,55.9503,1949.570149999999,59.131530000000005,2879.390340000002,0.0,0.0,True,False,1893.6198499999991,2820.258810000002,0.0,1,13.95
run_socialnetwork_social-graph-service_latency_4_2026-09-26T10-36-35.463078+00-00.json,socialnetwork,social-graph-service,latency,4,2026-09-26T10:36:35.463078+00:00,3,0,0,3,1,15.03,False,21.82,54.571999999999996,2913.3609999999985,59.3387,4454.308970000001,0.0,0.0,True,False,2858.7889999999984,4394.970270000001,0.0,1,15.03
run_socialnetwork_social-graph-service_latency_5_2026-09-26T12-09-51.308795+00-00.json,socialnetwork,social-graph-service,latency,5,2026-09-26T12:09:51.308795+00:00,3,0,0,3,1,15.9,False,21.25,54.7496,2020.1942000000001,57.15723999999998,5380.291439999996,0.0,0.0,True,False,1965.4446,5323.134199999997,0.0,1,15.9
run_socialnetwork_text-service_kill_1_2026-09-26T05-14-28.828401+00-00.json,socialnetwork,text-service,kill,1,2026-09-26T05:14:28.828401+00:00,2,0,0,2,2,15.04,False,21.28,53.705,6278.534799999999,58.14952,8295.305860000004,0.0,0.125,True,False,6224.8297999999995,8237.156340000003,0.125,1,15.04
run_socialnetwork_text-service_kill_2_2026-09-26T07-16-04.392747+00-00.json,socialnetwork,text-service,kill,2,2026-09-26T07:16:04.392747+00:00,2,0,0,2,2,15.31,False,21.37,55.38779999999999,6395.3312,57.1836,8489.016900000002,0.0,0.2909,True,False,6339.943399999999,8431.833300000002,0.2909,1,15.31
run_socialnetwork_text-service_kill_3_2026-09-26T08-44-44.650067+00-00.json,socialnetwork,text-service,kill,3,2026-09-26T08:44:44.650067+00:00,2,0,0,2,2,17.45,False,23.71,55.077799999999996,8893.9078,57.606779999999986,9433.11806,0.0,0.1695,True,False,8838.830000000002,9375.51128,0.1695,1,17.45
run_socialnetwork_text-service_kill_4_2026-09-26T10-13-07.096342+00-00.json,socialnetwork,text-service,kill,4,2026-09-26T10:13:07.096342+00:00,2,0,0,2,2,12.33,False,18.37,54.0681,6325.3211,56.49397,8541.553999999996,0.0,0.1915,True,False,6271.253,8485.060029999997,0.1915,1,12.33
run_socialnetwork_text-service_kill_5_2026-09-26T11-46-14.939092+00-00.json,socialnetwork,text-service,kill,5,2026-09-26T11:46:14.939092+00:00,2,0,0,2,2,15.5,False,21.93,54.737,6337.16755,57.425149999999995,10044.67072,0.0,0.1618,True,False,6282.43055,9987.245570000001,0.1618,1,15.5
run_socialnetwork_text-service_latency_1_2026-09-26T13-23-03.528345+00-00.json,socialnetwork,text-service,latency,1,2026-09-26T13:23:03.528345+00:00,2,0,0,2,2,13.78,False,20.14,55.0835,1137.6324,57.20249999999999,2074.98344,0.0,0.0,True,False,1082.5489,2017.7809399999999,0.0,1,13.78
run_socialnetwork_text-service_latency_2_2026-09-26T07-41-34.183377+00-00.json,socialnetwork,text-service,latency,2,2026-09-26T07:41:34.183377+00:00,2,0,0,2,2,14.39,False,20.1,54.5063,1563.50475,56.74305999999999,1965.369050000001,0.0,0.0,True,False,1508.99845,1908.625990000001,0.0,1,14.39
run_socialnetwork_text-service_latency_3_2026-09-26T09-10-25.311648+00-00.json,socialnetwork,text-service,latency,3,2026-09-26T09:10:25.311648+00:00,2,0,0,2,2,19.74,False,26.26,55.6642,1324.2799999999995,57.81564,2153.8725999999997,0.0,0.0,True,False,1268.6157999999996,2096.05696,0.0,1,19.74
run_socialnetwork_text-service_latency_4_2026-09-26T10-38-53.739319+00-00.json,socialnetwork,text-service,latency,4,2026-09-26T10:38:53.739319+00:00,2,0,0,2,2,14.65,False,19.66,54.721999999999994,1224.3358999999998,57.875199999999985,2023.0886200000002,0.0,0.0,True,False,1169.6138999999998,1965.2134200000003,0.0,1,14.65
run_socialnetwork_text-service_latency_5_2026-09-26T12-12-11.034490+00-00.json,socialnetwork,text-service,latency,5,2026-09-26T12:12:11.034490+00:00,2,0,0,2,2,14.39,False,21.01,55.1425,1274.139049999998,57.6449,2168.67745,0.0,0.0,True,False,1218.996549999998,2111.0325500000004,0.0,1,14.39
run_socialnetwork_unique-id-service_kill_1_2026-09-26T05-16-50.339953+00-00.json,socialnetwork,unique-id-service,kill,1,2026-09-26T05:16:50.339953+00:00,2,0,0,2,0,15.91,False,22.42,54.49789999999999,3410.8304,58.06438,4304.195119999999,0.0,0.1692,True,False,3356.3325,4246.13074,0.1692,1,15.91
run_socialnetwork_unique-id-service_kill_2_2026-09-26T07-18-21.745550+00-00.json,socialnetwork,unique-id-service,kill,2,2026-09-26T07:18:21.745550+00:00,2,0,0,2,0,13.89,False,19.69,54.8919,3445.277,57.570959999999985,4299.96494,0.0,0.2258,True,False,3390.3851,4242.39398,0.2258,1,13.89
run_socialnetwork_unique-id-service_kill_3_2026-09-26T08-47-04.248461+00-00.json,socialnetwork,unique-id-service,kill,3,2026-09-26T08:47:04.248461+00:00,2,0,0,2,0,14.71,False,21.21,54.7044,3446.87115,56.334920000000004,3798.647559999997,0.0,0.2333,True,False,3392.16675,3742.3126399999974,0.2333,1,14.71
run_socialnetwork_unique-id-service_kill_4_2026-09-26T10-15-26.851806+00-00.json,socialnetwork,unique-id-service,kill,4,2026-09-26T10:15:26.851806+00:00,2,0,0,2,0,14.15,False,20.46,55.5522,3422.70575,57.9046,3593.8804799999994,0.0,0.1618,True,False,3367.15355,3535.9758799999995,0.1618,1,14.15
run_socialnetwork_unique-id-service_kill_5_2026-09-26T11-48-33.852882+00-00.json,socialnetwork,unique-id-service,kill,5,2026-09-26T11:48:33.852882+00:00,2,0,0,2,0,14.15,False,19.44,54.74005,3433.9795,57.5507,4285.39926,0.0,0.1266,True,False,3379.23945,4227.84856,0.1266,1,14.15
run_socialnetwork_unique-id-service_latency_1_2026-09-26T13-25-25.417427+00-00.json,socialnetwork,unique-id-service,latency,1,2026-09-26T13:25:25.417427+00:00,2,0,0,2,0,12.59,False,18.87,54.568,541.1682999999999,57.8572,673.577099999999,0.0,0.0,True,False,486.60029999999995,615.7198999999989,0.0,1,12.59
run_socialnetwork_unique-id-service_latency_2_2026-09-26T07-43-53.466602+00-00.json,socialnetwork,unique-id-service,latency,2,2026-09-26T07:43:53.466602+00:00,2,0,0,2,0,14.64,False,20.81,54.5304,585.2167,57.102959999999996,628.4585599999999,0.0,0.0,True,False,530.6863,571.3555999999999,0.0,1,14.64
run_socialnetwork_unique-id-service_latency_3_2026-09-26T09-12-44.386411+00-00.json,socialnetwork,unique-id-service,latency,3,2026-09-26T09:12:44.386411+00:00,2,0,0,2,0,14.21,False,20.6,54.53135,744.0343499999982,56.906810000000014,1063.4690099999996,0.0,0.0,True,False,689.5029999999982,1006.5621999999995,0.0,1,14.21
run_socialnetwork_unique-id-service_latency_4_2026-09-26T10-41-12.539083+00-00.json,socialnetwork,unique-id-service,latency,4,2026-09-26T10:41:12.539083+00:00,2,0,0,2,0,14.92,False,19.94,54.17125,651.871,57.905449999999945,1046.59144,0.0,0.0,True,False,597.69975,988.68599,0.0,1,14.92
run_socialnetwork_unique-id-service_latency_5_2026-09-26T12-14-30.943477+00-00.json,socialnetwork,unique-id-service,latency,5,2026-09-26T12:14:30.943477+00:00,2,0,0,2,0,16.03,False,21.09,55.038349999999994,601.3294999999999,57.93724,639.29345,0.0,0.0,True,False,546.2911499999999,581.35621,0.0,1,16.03
run_socialnetwork_url-shorten-service_kill_1_2026-09-26T05-19-08.421585+00-00.json,socialnetwork,url-shorten-service,kill,1,2026-09-26T05:19:08.421585+00:00,3,0,0,3,0,11.42,False,18.04,54.9908,3450.4443499999998,56.78208000000001,4287.892379999999,0.0,0.25,True,False,3395.4535499999997,4231.110299999999,0.25,1,11.42
run_socialnetwork_url-shorten-service_kill_2_2026-09-26T07-20-37.431330+00-00.json,socialnetwork,url-shorten-service,kill,2,2026-09-26T07:20:37.431330+00:00,3,0,0,3,0,12.65,False,18.32,53.92999999999999,3461.2290000000003,56.83333000000001,4592.624529999998,0.0,0.2317,True,False,3407.2990000000004,4535.791199999998,0.2317,1,12.65
run_socialnetwork_url-shorten-service_kill_3_2026-09-26T08-49-25.927846+00-00.json,socialnetwork,url-shorten-service,kill,3,2026-09-26T08:49:25.927846+00:00,3,0,0,3,0,16.05,False,22.56,53.96535,3433.0775,57.21592999999998,4416.418799999993,0.0,0.1978,True,False,3379.11215,4359.202869999993,0.1978,1,16.05
run_socialnetwork_url-shorten-service_kill_4_2026-09-26T10-17-48.923923+00-00.json,socialnetwork,url-shorten-service,kill,4,2026-09-26T10:17:48.923923+00:00,3,0,0,3,0,16.37,False,22.77,55.0005,3447.0088,56.895700000000005,3976.7053999999985,0.0,0.2027,True,False,3392.0083,3919.8096999999984,0.2027,1,16.37
run_socialnetwork_url-shorten-service_kill_5_2026-09-26T11-50-55.715341+00-00.json,socialnetwork,url-shorten-service,kill,5,2026-09-26T11:50:55.715341+00:00,3,0,0,3,0,16.17,False,22.36,54.5212,3438.3295,57.10122,4005.953939999999,0.0,0.1912,True,False,3383.8082999999997,3948.852719999999,0.1912,1,16.17
run_socialnetwork_url-shorten-service_latency_1_2026-09-26T13-27-50.628082+00-00.json,socialnetwork,url-shorten-service,latency,1,2026-09-26T13:27:50.628082+00:00,3,0,0,3,0,15.49,False,22.02,55.322,831.1648499999972,57.4229,1089.7281,0.0,0.0,True,False,775.8428499999972,1032.3052,0.0,1,15.49
run_socialnetwork_url-shorten-service_latency_2_2026-09-26T07-46-13.415911+00-00.json,socialnetwork,url-shorten-service,latency,2,2026-09-26T07:46:13.415911+00:00,3,0,0,3,0,15.23,False,21.27,55.2108,629.9312,57.753840000000004,1030.9843999999996,0.0,0.0,True,False,574.7204,973.2305599999996,0.0,1,15.23
run_socialnetwork_url-shorten-service_latency_3_2026-09-26T09-15-04.868698+00-00.json,socialnetwork,url-shorten-service,latency,3,2026-09-26T09:15:04.868698+00:00,3,0,0,3,0,16.01,False,21.15,55.6044,717.4949999999972,57.57181999999999,1053.77484,0.0,0.0,True,False,661.8905999999972,996.20302,0.0,1,16.01
run_socialnetwork_url-shorten-service_latency_4_2026-09-26T10-43-31.623742+00-00.json,socialnetwork,url-shorten-service,latency,4,2026-09-26T10:43:31.623742+00:00,3,0,0,3,0,14.58,False,19.72,54.6391,596.2468000000001,56.67514000000002,716.9072999999992,0.0,0.0,True,False,541.6077000000001,660.2321599999991,0.0,1,14.58
run_socialnetwork_url-shorten-service_latency_5_2026-09-26T12-16-49.460171+00-00.json,socialnetwork,url-shorten-service,latency,5,2026-09-26T12:16:49.460171+00:00,3,0,0,3,0,14.82,False,19.98,54.69995,619.9770499999998,57.818360000000006,978.7526600000001,0.0,0.0,True,False,565.2770999999998,920.9343000000001,0.0,1,14.82
run_socialnetwork_user-mention-service_kill_1_2026-09-26T05-21-32.379160+00-00.json,socialnetwork,user-mention-service,kill,1,2026-09-26T05:21:32.379160+00:00,3,0,0,3,0,17.79,False,24.5,54.474399999999996,3419.97,56.830079999999974,4279.46884,0.0,0.2615,True,False,3365.4955999999997,4222.63876,0.2615,1,17.79
run_socialnetwork_user-mention-service_kill_2_2026-09-26T07-22-53.068664+00-00.json,socialnetwork,user-mention-service,kill,2,2026-09-26T07:22:53.068664+00:00,3,0,0,3,0,12.68,False,18.58,53.9363,3438.6965999999998,56.99648,4285.13988,0.0,0.2154,True,False,3384.7603,4228.1434,0.2154,1,12.68
run_socialnetwork_user-mention-service_kill_3_2026-09-26T08-51-42.308124+00-00.json,socialnetwork,user-mention-service,kill,3,2026-09-26T08:51:42.308124+00:00,3,0,0,3,0,11.59,False,17.95,54.575900000000004,3699.2011499999985,58.240849999999995,4381.76566,0.0,0.2162,True,False,3644.6252499999987,4323.52481,0.2162,1,11.59
run_socialnetwork_user-mention-service_kill_4_2026-09-26T10-20-08.542471+00-00.json,socialnetwork,user-mention-service,kill,4,2026-09-26T10:20:08.542471+00:00,3,0,0,3,0,14.51,False,21.09,54.73909999999999,3433.6055,57.21583999999996,3828.207460000001,0.0,0.2182,True,False,3378.8664000000003,3770.991620000001,0.2182,1,14.51
run_socialnetwork_user-mention-service_kill_5_2026-09-26T11-53-15.875669+00-00.json,socialnetwork,user-mention-service,kill,5,2026-09-26T11:53:15.875669+00:00,3,0,0,3,0,14.76,False,21.34,54.73199999999999,3455.4545,56.67927999999999,4289.1359,0.0,0.2535,True,False,3400.7225,4232.45662,0.2535,1,14.76
run_socialnetwork_user-mention-service_latency_1_2026-09-26T13-30-15.767152+00-00.json,socialnetwork,user-mention-service,latency,1,2026-09-26T13:30:15.767152+00:00,3,0,0,3,0,15.67,False,21.99,54.919200000000004,620.43475,57.181639999999994,1139.58695,0.0,0.0,True,False,565.51555,1082.4053099999999,0.0,1,15.67
run_socialnetwork_user-mention-service_latency_2_2026-09-26T07-48-33.039226+00-00.json,socialnetwork,user-mention-service,latency,2,2026-09-26T07:48:33.039226+00:00,3,0,0,3,0,15.27,False,21.49,54.456,628.9855,56.3861,1123.9383999999998,0.0,0.0,True,False,574.5295,1067.5522999999998,0.0,1,15.27
run_socialnetwork_user-mention-service_latency_3_2026-09-26T09-17-23.438959+00-00.json,socialnetwork,user-mention-service,latency,3,2026-09-26T09:17:23.438959+00:00,3,0,0,3,0,13.26,False,19.89,55.117000000000004,618.9938,57.2394,1037.73652,0.0,0.0,True,False,563.8768,980.4971199999999,0.0,1,13.26
run_socialnetwork_user-mention-service_latency_4_2026-09-26T10-45-51.459136+00-00.json,socialnetwork,user-mention-service,latency,4,2026-09-26T10:45:51.459136+00:00,3,0,0,3,0,14.4,False,20.89,54.508199999999995,650.81245,56.565470000000005,1034.75889,0.0,0.0,True,False,596.30425,978.1934200000001,0.0,1,14.4
run_socialnetwork_user-mention-service_latency_5_2026-09-26T12-19-08.934113+00-00.json,socialnetwork,user-mention-service,latency,5,2026-09-26T12:19:08.934113+00:00,3,0,0,3,0,14.45,False,20.95,53.9932,651.4139999999999,56.2158,1141.30956,0.0,0.0,True,False,597.4207999999999,1085.09376,0.0,1,14.45
run_socialnetwork_user-service_kill_1_2026-09-26T05-23-53.182296+00-00.json,socialnetwork,user-service,kill,1,2026-09-26T05:23:53.182296+00:00,2,0,0,4,0,14.48,False,20.81,55.408500000000004,6826.332000000003,58.776199999999996,10047.66662,0.0,0.2361,True,False,6770.923500000003,9988.89042,0.2361,1,14.48
run_socialnetwork_user-service_kill_2_2026-09-26T07-25-14.848226+00-00.json,socialnetwork,user-service,kill,2,2026-09-26T07:25:14.848226+00:00,2,0,0,4,0,18.23,False,24.29,55.0044,6744.5353,56.74263,7950.268920000002,0.0,0.2182,True,False,6689.5309,7893.5262900000025,0.2182,1,18.23
run_socialnetwork_user-service_kill_3_2026-09-26T08-53-57.286891+00-00.json,socialnetwork,user-service,kill,3,2026-09-26T08:53:57.286891+00:00,2,0,0,4,0,9.72,False,15.94,54.2365,7631.157749999996,56.63739999999999,10044.67813,0.0,0.3167,True,False,7576.921249999996,9988.04073,0.3167,1,9.72
run_socialnetwork_user-service_kill_4_2026-09-26T10-22-34.604923+00-00.json,socialnetwork,user-service,kill,4,2026-09-26T10:22:34.604923+00:00,2,0,0,4,0,20.76,False,27.28,54.5991,5665.386399999996,56.34248,8212.887159999993,0.0,0.1,True,False,5610.787299999995,8156.544679999993,0.1,1,20.76
run_socialnetwork_user-service_kill_5_2026-09-26T11-55-35.274321+00-00.json,socialnetwork,user-service,kill,5,2026-09-26T11:55:35.274321+00:00,2,0,0,4,0,14.52,False,21.09,54.16279999999999,6350.6597,56.791169999999994,8246.650219999992,0.0,0.18,True,False,6296.4969,8189.859049999992,0.18,1,14.52
run_socialnetwork_user-service_latency_1_2026-09-26T13-32-47.000576+00-00.json,socialnetwork,user-service,latency,1,2026-09-26T13:32:47.000576+00:00,2,0,0,4,0,22.27,False,28.64,54.174,595.6822,56.57576,923.2058800000029,0.0,0.0,True,False,541.5082,866.630120000003,0.0,1,22.27
run_socialnetwork_user-service_latency_2_2026-09-26T07-50-51.733775+00-00.json,socialnetwork,user-service,latency,2,2026-09-26T07:50:51.733775+00:00,2,0,0,4,0,14.28,False,20.34,55.345800000000004,643.8792000000001,57.07276,1083.97524,0.0,0.0,True,False,588.5334,1026.90248,0.0,1,14.28
run_socialnetwork_user-service_latency_3_2026-09-26T09-19-44.234480+00-00.json,socialnetwork,user-service,latency,3,2026-09-26T09:19:44.234480+00:00,2,0,0,4,0,14.83,False,21.42,55.52035,647.2061,57.564170000000004,1179.17876,0.0,0.0,True,False,591.68575,1121.61459,0.0,1,14.83
run_socialnetwork_user-service_latency_4_2026-09-26T10-48-11.145622+00-00.json,socialnetwork,user-service,latency,4,2026-09-26T10:48:11.145622+00:00,2,0,0,4,0,15.54,False,20.77,54.7887,1012.51,56.47618,1134.6296000000002,0.0,0.0,True,False,957.7213,1078.15342,0.0,1,15.54
run_socialnetwork_user-service_latency_5_2026-09-26T12-21-28.809368+00-00.json,socialnetwork,user-service,latency,5,2026-09-26T12:21:28.809368+00:00,2,0,0,4,0,14.71,False,21.0,54.885,650.1168499999999,57.49510000000001,1065.00759,0.0,0.0,True,False,595.2318499999999,1007.51249,0.0,1,14.71
run_socialnetwork_user-timeline-service_kill_1_2026-09-26T05-26-12.044661+00-00.json,socialnetwork,user-timeline-service,kill,1,2026-09-26T05:26:12.044661+00:00,2,0,0,2,1,14.33,False,20.23,54.72044999999999,4287.699,57.016859999999994,6122.354559999962,0.0,0.4058,True,False,4232.97855,6065.337699999962,0.4058,1,14.33
run_socialnetwork_user-timeline-service_kill_2_2026-09-26T07-27-34.036967+00-00.json,socialnetwork,user-timeline-service,kill,2,2026-09-26T07:27:34.036967+00:00,2,0,0,2,1,15.49,False,21.71,54.64875000000001,3438.8675000000003,56.984500000000004,3466.82286,0.0,0.4186,True,False,3384.2187500000005,3409.83836,0.4186,1,15.49
run_socialnetwork_user-timeline-service_kill_3_2026-09-26T08-56-19.569179+00-00.json,socialnetwork,user-timeline-service,kill,3,2026-09-26T08:56:19.569179+00:00,2,0,0,2,1,16.12,False,22.46,55.513,3443.86575,58.03883999999999,4335.3112,0.0,0.4107,True,False,3388.35275,4277.27236,0.4107,1,16.12
run_socialnetwork_user-timeline-service_kill_4_2026-09-26T10-24-55.706254+00-00.json,socialnetwork,user-timeline-service,kill,4,2026-09-26T10:24:55.706254+00:00,2,0,0,2,1,15.73,False,22.29,55.04745,3462.0099999999998,57.40279000000001,3887.972159999999,0.0,0.4815,True,False,3406.9625499999997,3830.569369999999,0.4815,1,15.73
run_socialnetwork_user-timeline-service_kill_5_2026-09-26T11-57-56.464474+00-00.json,socialnetwork,user-timeline-service,kill,5,2026-09-26T11:57:56.464474+00:00,2,0,0,2,1,16.0,False,22.32,55.393,3880.248,57.2616,7036.4107599999825,0.0,0.4528,True,False,3824.855,6979.149159999983,0.4528,1,16.0
run_socialnetwork_user-timeline-service_latency_1_2026-09-26T13-35-12.304281+00-00.json,socialnetwork,user-timeline-service,latency,1,2026-09-26T13:35:12.304281+00:00,2,0,0,2,1,14.86,False,21.17,54.10995,2470.3825999999995,57.681309999999996,3103.4591999999966,0.0,0.0,True,False,2416.2726499999994,3045.7778899999967,0.0,1,14.86
run_socialnetwork_user-timeline-service_latency_2_2026-09-26T07-53-10.979712+00-00.json,socialnetwork,user-timeline-service,latency,2,2026-09-26T07:53:10.979712+00:00,2,0,0,2,1,14.88,False,20.83,54.367000000000004,2203.8218499999957,57.21125000000001,4207.011700000003,0.0,0.0,True,False,2149.4548499999955,4149.8004500000025,0.0,1,14.88
run_socialnetwork_user-timeline-service_latency_3_2026-09-26T09-22-04.786103+00-00.json,socialnetwork,user-timeline-service,latency,3,2026-09-26T09:22:04.786103+00:00,2,0,0,2,1,14.73,False,21.43,55.0278,2785.5256,57.45832,3943.4026399999993,0.0,0.0,True,False,2730.4978,3885.944319999999,0.0,1,14.73
run_socialnetwork_user-timeline-service_latency_4_2026-09-26T10-50-30.854528+00-00.json,socialnetwork,user-timeline-service,latency,4,2026-09-26T10:50:30.854528+00:00,2,0,0,2,1,15.72,False,20.76,55.23165,4673.777,57.92096,6013.877599999999,0.0,0.0,True,False,4618.54535,5955.9566399999985,0.0,1,15.72
run_socialnetwork_user-timeline-service_latency_5_2026-09-26T12-23-59.459650+00-00.json,socialnetwork,user-timeline-service,latency,5,2026-09-26T12:23:59.459650+00:00,2,0,0,2,1,25.39,False,31.81,55.260299999999994,2329.286149999997,57.36934,6007.09326,0.0,0.0,True,False,2274.0258499999973,5949.723919999999,0.0,1,25.39
