app,service,ancestor_affected_count,descendant_affected_count,unrelated_affected_count,T_rec,delta_p95_ms,delta_p99_ms,delta_error_rate,n_ancestors,n_descendants,in_analysis_set,is_gateway,in_degree_raw,out_degree_raw,ancestor_count,hybrid_criticality,degree,in_degree,out_degree,betweenness,closeness,eigenvector,pagerank,composite_score,descendant_count,dominator_subtree_size,fault_type,median_equals_n_ancestors
hotelreservation,geo,2.0,0.0,0.0,22.01,-7.376399999999999,-9.09443,0.552,2.0,0.0,True,False,1,0,2,0.057143,0.14285714285714285,0.14285714285714285,0.0,0.0,0.19047619047619047,0.7071027969265381,0.15200424083878666,0.2143,0,0,kill,True
hotelreservation,profile,1.0,0.0,0.0,27.0,-2.1562,-3.318019999999997,0.632,1.0,0.0,True,False,1,0,1,0.057143,0.14285714285714285,0.14285714285714285,0.0,0.0,0.14285714285714285,0.001501276443534734,0.1236372106138611,0.3393,0,0,kill,True
hotelreservation,rate,2.0,0.0,0.0,20.85,-8.06155,-10.345859999999998,0.56,2.0,0.0,True,False,1,0,2,0.057143,0.14285714285714285,0.14285714285714285,0.0,0.0,0.19047619047619047,0.7071027969265381,0.15200424083878666,0.2143,0,0,kill,True
hotelreservation,recommendation,1.0,0.0,0.0,22.63,0.1916999999999991,0.9932499999999997,0.086,1.0,0.0,True,False,1,0,1,0.057143,0.14285714285714285,0.14285714285714285,0.0,0.0,0.14285714285714285,0.001501276443534734,0.10665410339026672,0.3929,0,0,kill,True
hotelreservation,reservation,1.0,0.0,0.0,19.33,-6.372700000000001,-7.493490000000001,0.734,1.0,0.0,True,False,1,0,1,0.057143,0.14285714285714285,0.14285714285714285,0.0,0.0,0.14285714285714285,0.001501276443534734,0.126920611343756,0.3214,0,0,kill,True
hotelreservation,search,1.0,0.0,0.0,22.28,-7.864049999999993,-9.888299999999996,0.53,1.0,2.0,True,False,1,2,1,0.112381,0.42857142857142855,0.14285714285714285,0.2857142857142857,0.047619047619047616,0.14285714285714285,0.001501276443534734,0.11858756673271237,0.3036,2,2,kill,True
hotelreservation,user,1.0,0.0,0.0,19.69,0.9531999999999972,-1.1098700000000044,0.36,1.0,0.0,True,False,1,0,1,0.057143,0.14285714285714285,0.14285714285714285,0.0,0.0,0.14285714285714285,0.001501276443534734,0.11858756673271237,0.3571,0,0,kill,True
socialnetwork,compose-post-service,1.0,0.0,0.0,15.55,1684.8743000000002,2709.7617900000373,0.2571,1.0,10.0,True,False,1,7,1,0.301515,0.7272727272727273,0.09090909090909091,0.6363636363636364,0.053030303030303025,0.09090909090909091,0.0,0.06199003777088548,0.3452,10,5,kill,True
socialnetwork,home-timeline-service,2.0,0.0,0.0,15.38,3597.91375,7092.142,0.5741,2.0,3.0,True,False,2,2,2,0.095931,0.36363636363636365,0.18181818181818182,0.18181818181818182,0.01212121212121212,0.18181818181818182,0.0,0.07445386812515496,0.2619,3,0,kill,True
socialnetwork,media-service,2.0,0.0,0.0,16.06,6282.99305,8008.950910000002,0.2373,2.0,0.0,True,False,1,0,2,0.036364,0.09090909090909091,0.09090909090909091,0.0,0.0,0.12121212121212122,0.0,0.06140207420027673,0.5476,0,0,kill,True
socialnetwork,post-storage-service,4.0,0.0,0.0,15.31,4202.339300000001,4245.90693,0.7143,4.0,0.0,True,False,3,0,4,0.109091,0.2727272727272727,0.2727272727272727,0.0,0.0,0.29090909090909095,0.0,0.15660541880903225,0.25,0,0,kill,True
socialnetwork,social-graph-service,3.0,0.0,0.0,14.99,3401.6868,4259.845780000001,0.2472,3.0,1.0,True,False,2,1,3,0.080649,0.2727272727272727,0.18181818181818182,0.09090909090909091,0.013636363636363636,0.20454545454545453,0.0,0.09807087818770555,0.25,1,0,kill,True
socialnetwork,text-service,2.0,0.0,0.0,15.31,6282.43055,8485.060029999997,0.1695,2.0,2.0,True,False,1,2,2,0.064416,0.2727272727272727,0.09090909090909091,0.18181818181818182,0.03636363636363636,0.12121212121212122,0.0,0.06140207420027673,0.3929,2,2,kill,True
socialnetwork,unique-id-service,2.0,0.0,0.0,14.15,3379.23945,4227.84856,0.1692,2.0,0.0,True,False,1,0,2,0.036364,0.09090909090909091,0.09090909090909091,0.0,0.0,0.12121212121212122,0.0,0.06140207420027673,0.5476,0,0,kill,True
socialnetwork,url-shorten-service,3.0,0.0,0.0,16.05,3392.0083,4231.110299999999,0.2027,3.0,0.0,True,False,1,0,3,0.036364,0.09090909090909091,0.09090909090909091,0.0,0.0,0.13636363636363635,0.0,0.07997058244071893,0.4643,0,0,kill,True
socialnetwork,user-mention-service,3.0,0.0,0.0,14.51,3384.7603,4228.1434,0.2182,3.0,0.0,True,False,1,0,3,0.036364,0.09090909090909091,0.09090909090909091,0.0,0.0,0.13636363636363635,0.0,0.07997058244071893,0.4643,0,0,kill,True
socialnetwork,user-service,2.0,0.0,0.0,14.52,6689.5309,8189.859049999992,0.2182,4.0,0.0,True,False,2,0,4,0.072727,0.18181818181818182,0.18181818181818182,0.0,0.0,0.24242424242424243,0.0,0.14476218631890975,0.3333,0,0,kill,False
socialnetwork,user-timeline-service,2.0,0.0,0.0,15.73,3406.9625499999997,4277.27236,0.4186,2.0,1.0,True,False,2,1,2,0.078528,0.2727272727272727,0.18181818181818182,0.09090909090909091,0.00303030303030303,0.18181818181818182,0.0,0.06609548433658681,0.3333,1,0,kill,True
hotelreservation,geo,2.0,0.0,0.0,17.69,659.0787999999999,781.34373,0.0,2.0,0.0,True,False,1,0,2,0.057143,0.14285714285714285,0.14285714285714285,0.0,0.0,0.19047619047619047,0.7071027969265381,0.15200424083878666,0.2143,0,0,latency,True
hotelreservation,profile,1.0,0.0,0.0,18.66,3372.65445,5223.714199999999,0.0,1.0,0.0,True,False,1,0,1,0.057143,0.14285714285714285,0.14285714285714285,0.0,0.0,0.14285714285714285,0.001501276443534734,0.1236372106138611,0.3393,0,0,latency,True
hotelreservation,rate,2.0,0.0,0.0,16.87,5803.618450000001,10512.15897,0.0,2.0,0.0,True,False,1,0,2,0.057143,0.14285714285714285,0.14285714285714285,0.0,0.0,0.19047619047619047,0.7071027969265381,0.15200424083878666,0.2143,0,0,latency,True
hotelreservation,recommendation,1.0,0.0,0.0,25.45,531.3156999999995,687.28566,0.0,1.0,0.0,True,False,1,0,1,0.057143,0.14285714285714285,0.14285714285714285,0.0,0.0,0.14285714285714285,0.001501276443534734,0.10665410339026672,0.3929,0,0,latency,True
hotelreservation,reservation,1.0,0.0,0.0,16.55,1798.3877,2525.4373100000003,0.0,1.0,0.0,True,False,1,0,1,0.057143,0.14285714285714285,0.14285714285714285,0.0,0.0,0.14285714285714285,0.001501276443534734,0.126920611343756,0.3214,0,0,latency,True
hotelreservation,search,1.0,0.0,0.0,24.74,1984.4220500000001,2224.42782,0.0,1.0,2.0,True,False,1,2,1,0.112381,0.42857142857142855,0.14285714285714285,0.2857142857142857,0.047619047619047616,0.14285714285714285,0.001501276443534734,0.11858756673271237,0.3036,2,2,latency,True
hotelreservation,user,1.0,0.0,0.0,13.64,580.5841,689.2770999999999,0.0,1.0,0.0,True,False,1,0,1,0.057143,0.14285714285714285,0.14285714285714285,0.0,0.0,0.14285714285714285,0.001501276443534734,0.11858756673271237,0.3571,0,0,latency,True
socialnetwork,compose-post-service,1.0,0.0,0.0,15.56,3304.5355999999992,4054.00249,0.0,1.0,10.0,True,False,1,7,1,0.301515,0.7272727272727273,0.09090909090909091,0.6363636363636364,0.053030303030303025,0.09090909090909091,0.0,0.06199003777088548,0.3452,10,5,latency,True
socialnetwork,home-timeline-service,2.0,0.0,0.0,15.57,2699.0829999999987,3684.06482,0.0,2.0,3.0,True,False,2,2,2,0.095931,0.36363636363636365,0.18181818181818182,0.18181818181818182,0.01212121212121212,0.18181818181818182,0.0,0.07445386812515496,0.2619,3,0,latency,True
socialnetwork,media-service,2.0,0.0,0.0,14.83,570.3055999999999,1038.32065,0.0,2.0,0.0,True,False,1,0,2,0.036364,0.09090909090909091,0.09090909090909091,0.0,0.0,0.12121212121212122,0.0,0.06140207420027673,0.5476,0,0,latency,True
socialnetwork,post-storage-service,4.0,0.0,0.0,15.45,2487.724649999998,3132.277420000001,0.0,4.0,0.0,True,False,3,0,4,0.109091,0.2727272727272727,0.2727272727272727,0.0,0.0,0.29090909090909095,0.0,0.15660541880903225,0.25,0,0,latency,True
socialnetwork,social-graph-service,3.0,0.0,0.0,15.42,1965.4446,4394.970270000001,0.0,3.0,1.0,True,False,2,1,3,0.080649,0.2727272727272727,0.18181818181818182,0.09090909090909091,0.013636363636363636,0.20454545454545453,0.0,0.09807087818770555,0.25,1,0,latency,True
socialnetwork,text-service,2.0,0.0,0.0,14.39,1218.996549999998,2017.7809399999999,0.0,2.0,2.0,True,False,1,2,2,0.064416,0.2727272727272727,0.09090909090909091,0.18181818181818182,0.03636363636363636,0.12121212121212122,0.0,0.06140207420027673,0.3929,2,2,latency,True
socialnetwork,unique-id-service,2.0,0.0,0.0,14.64,546.2911499999999,615.7198999999989,0.0,2.0,0.0,True,False,1,0,2,0.036364,0.09090909090909091,0.09090909090909091,0.0,0.0,0.12121212121212122,0.0,0.06140207420027673,0.5476,0,0,latency,True
socialnetwork,url-shorten-service,3.0,0.0,0.0,15.23,574.7204,973.2305599999996,0.0,3.0,0.0,True,False,1,0,3,0.036364,0.09090909090909091,0.09090909090909091,0.0,0.0,0.13636363636363635,0.0,0.07997058244071893,0.4643,0,0,latency,True
socialnetwork,user-mention-service,3.0,0.0,0.0,14.45,574.5295,1067.5522999999998,0.0,3.0,0.0,True,False,1,0,3,0.036364,0.09090909090909091,0.09090909090909091,0.0,0.0,0.13636363636363635,0.0,0.07997058244071893,0.4643,0,0,latency,True
socialnetwork,user-service,2.0,0.0,0.0,14.83,591.68575,1026.90248,0.0,4.0,0.0,True,False,2,0,4,0.072727,0.18181818181818182,0.18181818181818182,0.0,0.0,0.24242424242424243,0.0,0.14476218631890975,0.3333,0,0,latency,False
socialnetwork,user-timeline-service,2.0,0.0,0.0,14.88,2416.2726499999994,4149.8004500000025,0.0,2.0,1.0,True,False,2,1,2,0.078528,0.2727272727272727,0.18181818181818182,0.09090909090909091,0.00303030303030303,0.18181818181818182,0.0,0.06609548433658681,0.3333,1,0,latency,True
