architecture,service,in_analysis_set,is_gateway,in_degree_raw,out_degree_raw,ancestor_count,hybrid_criticality,degree,in_degree,out_degree,betweenness,closeness,eigenvector,pagerank,composite_score,descendant_count,dominator_subtree_size,rank_ancestor_count,rank_hybrid_criticality
socialnetwork,compose-post-service,True,False,1,7,1,0.301515,0.7272727272727273,0.09090909090909091,0.6363636363636364,0.053030303030303025,0.09090909090909091,0.0,0.06199003777088548,0.3452,10,5,11,1
socialnetwork,home-timeline-service,True,False,2,2,2,0.095931,0.36363636363636365,0.18181818181818182,0.18181818181818182,0.01212121212121212,0.18181818181818182,0.0,0.07445386812515496,0.2619,3,0,6,3
socialnetwork,media-service,True,False,1,0,2,0.036364,0.09090909090909091,0.09090909090909091,0.0,0.0,0.12121212121212122,0.0,0.06140207420027673,0.5476,0,0,6,8
socialnetwork,post-storage-service,True,False,3,0,4,0.109091,0.2727272727272727,0.2727272727272727,0.0,0.0,0.29090909090909095,0.0,0.15660541880903225,0.25,0,0,1,2
socialnetwork,social-graph-service,True,False,2,1,3,0.080649,0.2727272727272727,0.18181818181818182,0.09090909090909091,0.013636363636363636,0.20454545454545453,0.0,0.09807087818770555,0.25,1,0,3,4
socialnetwork,text-service,True,False,1,2,2,0.064416,0.2727272727272727,0.09090909090909091,0.18181818181818182,0.03636363636363636,0.12121212121212122,0.0,0.06140207420027673,0.3929,2,2,6,7
socialnetwork,unique-id-service,True,False,1,0,2,0.036364,0.09090909090909091,0.09090909090909091,0.0,0.0,0.12121212121212122,0.0,0.06140207420027673,0.5476,0,0,6,8
socialnetwork,url-shorten-service,True,False,1,0,3,0.036364,0.09090909090909091,0.09090909090909091,0.0,0.0,0.13636363636363635,0.0,0.07997058244071893,0.4643,0,0,3,8
socialnetwork,user-mention-service,True,False,1,0,3,0.036364,0.09090909090909091,0.09090909090909091,0.0,0.0,0.13636363636363635,0.0,0.07997058244071893,0.4643,0,0,3,8
socialnetwork,user-service,True,False,2,0,4,0.072727,0.18181818181818182,0.18181818181818182,0.0,0.0,0.24242424242424243,0.0,0.14476218631890975,0.3333,0,0,1,6
socialnetwork,user-timeline-service,True,False,2,1,2,0.078528,0.2727272727272727,0.18181818181818182,0.09090909090909091,0.00303030303030303,0.18181818181818182,0.0,0.06609548433658681,0.3333,1,0,6,5
