label,run_file,service,fault_type,repetition,n_ancestors,stored_A,stored_D,stored_U,stored_affected,existing_A,existing_D,existing_U,server_only_A,server_only_D,server_only_U,server_only_A_set,server_only_D_set,server_only_U_set,existing_replay_matches_stored,server_only_differs_from_stored,server_only_differs_from_existing_replay
"POST-HOC SENSITIVITY REPLAY -- exploratory, not preregistered, not FDR-corrected",run_socialnetwork_compose-post-service_kill_1_2026-09-26T05-02-52.343566+00-00.json,compose-post-service,kill,1,1,1,0,0,nginx-web-server,1,1,0,1,1,0,nginx-web-server,user-timeline-service,,False,True,False
"POST-HOC SENSITIVITY REPLAY -- exploratory, not preregistered, not FDR-corrected",run_socialnetwork_compose-post-service_kill_2_2026-09-26T07-04-30.500024+00-00.json,compose-post-service,kill,2,1,1,0,0,nginx-web-server,1,0,0,1,0,0,nginx-web-server,,,True,False,False
"POST-HOC SENSITIVITY REPLAY -- exploratory, not preregistered, not FDR-corrected",run_socialnetwork_compose-post-service_kill_3_2026-09-26T08-32-55.199228+00-00.json,compose-post-service,kill,3,1,1,2,0,"nginx-web-server,post-storage-service,user-timeline-service",1,2,0,1,1,0,nginx-web-server,post-storage-service,,True,True,True
"POST-HOC SENSITIVITY REPLAY -- exploratory, not preregistered, not FDR-corrected",run_socialnetwork_compose-post-service_kill_4_2026-09-26T10-01-26.883335+00-00.json,compose-post-service,kill,4,1,1,0,0,nginx-web-server,1,0,0,1,0,0,nginx-web-server,,,True,False,False
"POST-HOC SENSITIVITY REPLAY -- exploratory, not preregistered, not FDR-corrected",run_socialnetwork_compose-post-service_kill_5_2026-09-26T11-34-35.951506+00-00.json,compose-post-service,kill,5,1,1,0,0,nginx-web-server,1,0,0,1,0,0,nginx-web-server,,,True,False,False
"POST-HOC SENSITIVITY REPLAY -- exploratory, not preregistered, not FDR-corrected",run_socialnetwork_home-timeline-service_kill_1_2026-09-26T05-05-11.366947+00-00.json,home-timeline-service,kill,1,2,2,0,0,"compose-post-service,nginx-web-server",2,0,0,2,0,0,"compose-post-service,nginx-web-server",,,True,False,False
"POST-HOC SENSITIVITY REPLAY -- exploratory, not preregistered, not FDR-corrected",run_socialnetwork_home-timeline-service_kill_2_2026-09-26T07-06-50.261667+00-00.json,home-timeline-service,kill,2,2,2,0,0,"compose-post-service,nginx-web-server",2,0,0,2,0,0,"compose-post-service,nginx-web-server",,,True,False,False
"POST-HOC SENSITIVITY REPLAY -- exploratory, not preregistered, not FDR-corrected",run_socialnetwork_home-timeline-service_kill_3_2026-09-26T08-35-14.937771+00-00.json,home-timeline-service,kill,3,2,2,0,0,"compose-post-service,nginx-web-server",2,0,0,2,0,0,"compose-post-service,nginx-web-server",,,True,False,False
"POST-HOC SENSITIVITY REPLAY -- exploratory, not preregistered, not FDR-corrected",run_socialnetwork_home-timeline-service_kill_4_2026-09-26T10-03-48.411862+00-00.json,home-timeline-service,kill,4,2,2,0,0,"compose-post-service,nginx-web-server",2,0,0,2,0,0,"compose-post-service,nginx-web-server",,,True,False,False
"POST-HOC SENSITIVITY REPLAY -- exploratory, not preregistered, not FDR-corrected",run_socialnetwork_home-timeline-service_kill_5_2026-09-26T11-36-56.349393+00-00.json,home-timeline-service,kill,5,2,2,0,0,"compose-post-service,nginx-web-server",2,0,0,2,0,0,"compose-post-service,nginx-web-server",,,True,False,False
"POST-HOC SENSITIVITY REPLAY -- exploratory, not preregistered, not FDR-corrected",run_socialnetwork_media-service_kill_1_2026-09-26T05-07-32.155512+00-00.json,media-service,kill,1,2,2,0,0,"compose-post-service,nginx-web-server",2,0,0,2,0,0,"compose-post-service,nginx-web-server",,,True,False,False
"POST-HOC SENSITIVITY REPLAY -- exploratory, not preregistered, not FDR-corrected",run_socialnetwork_media-service_kill_2_2026-09-26T07-09-09.870118+00-00.json,media-service,kill,2,2,2,0,0,"compose-post-service,nginx-web-server",2,0,0,2,0,0,"compose-post-service,nginx-web-server",,,True,False,False
"POST-HOC SENSITIVITY REPLAY -- exploratory, not preregistered, not FDR-corrected",run_socialnetwork_media-service_kill_3_2026-09-26T08-37-40.675019+00-00.json,media-service,kill,3,2,2,0,0,"compose-post-service,nginx-web-server",2,0,0,2,0,0,"compose-post-service,nginx-web-server",,,True,False,False
"POST-HOC SENSITIVITY REPLAY -- exploratory, not preregistered, not FDR-corrected",run_socialnetwork_media-service_kill_4_2026-09-26T10-06-07.368959+00-00.json,media-service,kill,4,2,2,0,0,"compose-post-service,nginx-web-server",2,0,0,2,0,0,"compose-post-service,nginx-web-server",,,True,False,False
"POST-HOC SENSITIVITY REPLAY -- exploratory, not preregistered, not FDR-corrected",run_socialnetwork_media-service_kill_5_2026-09-26T11-39-16.515505+00-00.json,media-service,kill,5,2,2,0,0,"compose-post-service,nginx-web-server",2,0,0,2,0,0,"compose-post-service,nginx-web-server",,,True,False,False
"POST-HOC SENSITIVITY REPLAY -- exploratory, not preregistered, not FDR-corrected",run_socialnetwork_post-storage-service_kill_1_2026-09-26T05-09-51.044105+00-00.json,post-storage-service,kill,1,4,4,0,0,"compose-post-service,home-timeline-service,nginx-web-server,user-timeline-service",4,0,0,4,0,0,"compose-post-service,home-timeline-service,nginx-web-server,user-timeline-service",,,True,False,False
"POST-HOC SENSITIVITY REPLAY -- exploratory, not preregistered, not FDR-corrected",run_socialnetwork_post-storage-service_kill_2_2026-09-26T07-11-29.299852+00-00.json,post-storage-service,kill,2,4,4,0,0,"compose-post-service,home-timeline-service,nginx-web-server,user-timeline-service",4,0,0,4,0,0,"compose-post-service,home-timeline-service,nginx-web-server,user-timeline-service",,,True,False,False
"POST-HOC SENSITIVITY REPLAY -- exploratory, not preregistered, not FDR-corrected",run_socialnetwork_post-storage-service_kill_3_2026-09-26T08-40-00.885506+00-00.json,post-storage-service,kill,3,4,4,0,0,"compose-post-service,home-timeline-service,nginx-web-server,user-timeline-service",4,0,0,4,0,0,"compose-post-service,home-timeline-service,nginx-web-server,user-timeline-service",,,True,False,False
"POST-HOC SENSITIVITY REPLAY -- exploratory, not preregistered, not FDR-corrected",run_socialnetwork_post-storage-service_kill_4_2026-09-26T10-08-29.055340+00-00.json,post-storage-service,kill,4,4,4,0,0,"compose-post-service,home-timeline-service,nginx-web-server,user-timeline-service",4,0,0,4,0,0,"compose-post-service,home-timeline-service,nginx-web-server,user-timeline-service",,,True,False,False
"POST-HOC SENSITIVITY REPLAY -- exploratory, not preregistered, not FDR-corrected",run_socialnetwork_post-storage-service_kill_5_2026-09-26T11-41-34.467698+00-00.json,post-storage-service,kill,5,4,4,0,0,"compose-post-service,home-timeline-service,nginx-web-server,user-timeline-service",4,0,0,4,0,0,"compose-post-service,home-timeline-service,nginx-web-server,user-timeline-service",,,True,False,False
"POST-HOC SENSITIVITY REPLAY -- exploratory, not preregistered, not FDR-corrected",run_socialnetwork_social-graph-service_kill_1_2026-09-26T05-12-08.694278+00-00.json,social-graph-service,kill,1,3,3,0,0,"compose-post-service,home-timeline-service,nginx-web-server",3,0,0,3,0,0,"compose-post-service,home-timeline-service,nginx-web-server",,,True,False,False
"POST-HOC SENSITIVITY REPLAY -- exploratory, not preregistered, not FDR-corrected",run_socialnetwork_social-graph-service_kill_2_2026-09-26T07-13-45.448544+00-00.json,social-graph-service,kill,2,3,3,0,0,"compose-post-service,home-timeline-service,nginx-web-server",3,0,0,3,0,0,"compose-post-service,home-timeline-service,nginx-web-server",,,True,False,False
"POST-HOC SENSITIVITY REPLAY -- exploratory, not preregistered, not FDR-corrected",run_socialnetwork_social-graph-service_kill_3_2026-09-26T08-42-21.036443+00-00.json,social-graph-service,kill,3,3,3,0,0,"compose-post-service,home-timeline-service,nginx-web-server",3,0,0,3,0,0,"compose-post-service,home-timeline-service,nginx-web-server",,,True,False,False
"POST-HOC SENSITIVITY REPLAY -- exploratory, not preregistered, not FDR-corrected",run_socialnetwork_social-graph-service_kill_4_2026-09-26T10-10-50.427077+00-00.json,social-graph-service,kill,4,3,3,0,0,"compose-post-service,home-timeline-service,nginx-web-server",3,0,0,3,0,0,"compose-post-service,home-timeline-service,nginx-web-server",,,True,False,False
"POST-HOC SENSITIVITY REPLAY -- exploratory, not preregistered, not FDR-corrected",run_socialnetwork_social-graph-service_kill_5_2026-09-26T11-43-54.201600+00-00.json,social-graph-service,kill,5,3,3,0,0,"compose-post-service,home-timeline-service,nginx-web-server",3,0,0,3,0,0,"compose-post-service,home-timeline-service,nginx-web-server",,,True,False,False
"POST-HOC SENSITIVITY REPLAY -- exploratory, not preregistered, not FDR-corrected",run_socialnetwork_text-service_kill_1_2026-09-26T05-14-28.828401+00-00.json,text-service,kill,1,2,2,0,0,"compose-post-service,nginx-web-server",2,0,0,2,0,0,"compose-post-service,nginx-web-server",,,True,False,False
"POST-HOC SENSITIVITY REPLAY -- exploratory, not preregistered, not FDR-corrected",run_socialnetwork_text-service_kill_2_2026-09-26T07-16-04.392747+00-00.json,text-service,kill,2,2,2,0,0,"compose-post-service,nginx-web-server",2,0,0,2,0,0,"compose-post-service,nginx-web-server",,,True,False,False
"POST-HOC SENSITIVITY REPLAY -- exploratory, not preregistered, not FDR-corrected",run_socialnetwork_text-service_kill_3_2026-09-26T08-44-44.650067+00-00.json,text-service,kill,3,2,2,0,0,"compose-post-service,nginx-web-server",2,0,0,2,0,0,"compose-post-service,nginx-web-server",,,True,False,False
"POST-HOC SENSITIVITY REPLAY -- exploratory, not preregistered, not FDR-corrected",run_socialnetwork_text-service_kill_4_2026-09-26T10-13-07.096342+00-00.json,text-service,kill,4,2,2,0,0,"compose-post-service,nginx-web-server",2,0,0,2,0,0,"compose-post-service,nginx-web-server",,,True,False,False
"POST-HOC SENSITIVITY REPLAY -- exploratory, not preregistered, not FDR-corrected",run_socialnetwork_text-service_kill_5_2026-09-26T11-46-14.939092+00-00.json,text-service,kill,5,2,2,0,0,"compose-post-service,nginx-web-server",2,0,0,2,0,0,"compose-post-service,nginx-web-server",,,True,False,False
"POST-HOC SENSITIVITY REPLAY -- exploratory, not preregistered, not FDR-corrected",run_socialnetwork_unique-id-service_kill_1_2026-09-26T05-16-50.339953+00-00.json,unique-id-service,kill,1,2,2,0,0,"compose-post-service,nginx-web-server",2,0,0,2,0,0,"compose-post-service,nginx-web-server",,,True,False,False
"POST-HOC SENSITIVITY REPLAY -- exploratory, not preregistered, not FDR-corrected",run_socialnetwork_unique-id-service_kill_2_2026-09-26T07-18-21.745550+00-00.json,unique-id-service,kill,2,2,2,0,0,"compose-post-service,nginx-web-server",2,0,0,2,0,0,"compose-post-service,nginx-web-server",,,True,False,False
"POST-HOC SENSITIVITY REPLAY -- exploratory, not preregistered, not FDR-corrected",run_socialnetwork_unique-id-service_kill_3_2026-09-26T08-47-04.248461+00-00.json,unique-id-service,kill,3,2,2,0,0,"compose-post-service,nginx-web-server",2,0,0,2,0,0,"compose-post-service,nginx-web-server",,,True,False,False
"POST-HOC SENSITIVITY REPLAY -- exploratory, not preregistered, not FDR-corrected",run_socialnetwork_unique-id-service_kill_4_2026-09-26T10-15-26.851806+00-00.json,unique-id-service,kill,4,2,2,0,0,"compose-post-service,nginx-web-server",2,0,0,2,0,0,"compose-post-service,nginx-web-server",,,True,False,False
"POST-HOC SENSITIVITY REPLAY -- exploratory, not preregistered, not FDR-corrected",run_socialnetwork_unique-id-service_kill_5_2026-09-26T11-48-33.852882+00-00.json,unique-id-service,kill,5,2,2,0,0,"compose-post-service,nginx-web-server",2,0,0,2,0,0,"compose-post-service,nginx-web-server",,,True,False,False
"POST-HOC SENSITIVITY REPLAY -- exploratory, not preregistered, not FDR-corrected",run_socialnetwork_url-shorten-service_kill_1_2026-09-26T05-19-08.421585+00-00.json,url-shorten-service,kill,1,3,3,0,0,"compose-post-service,nginx-web-server,text-service",3,0,0,3,0,0,"compose-post-service,nginx-web-server,text-service",,,True,False,False
"POST-HOC SENSITIVITY REPLAY -- exploratory, not preregistered, not FDR-corrected",run_socialnetwork_url-shorten-service_kill_2_2026-09-26T07-20-37.431330+00-00.json,url-shorten-service,kill,2,3,3,0,0,"compose-post-service,nginx-web-server,text-service",3,0,0,3,0,0,"compose-post-service,nginx-web-server,text-service",,,True,False,False
"POST-HOC SENSITIVITY REPLAY -- exploratory, not preregistered, not FDR-corrected",run_socialnetwork_url-shorten-service_kill_3_2026-09-26T08-49-25.927846+00-00.json,url-shorten-service,kill,3,3,3,0,0,"compose-post-service,nginx-web-server,text-service",3,0,0,3,0,0,"compose-post-service,nginx-web-server,text-service",,,True,False,False
"POST-HOC SENSITIVITY REPLAY -- exploratory, not preregistered, not FDR-corrected",run_socialnetwork_url-shorten-service_kill_4_2026-09-26T10-17-48.923923+00-00.json,url-shorten-service,kill,4,3,3,0,0,"compose-post-service,nginx-web-server,text-service",3,0,0,3,0,0,"compose-post-service,nginx-web-server,text-service",,,True,False,False
"POST-HOC SENSITIVITY REPLAY -- exploratory, not preregistered, not FDR-corrected",run_socialnetwork_url-shorten-service_kill_5_2026-09-26T11-50-55.715341+00-00.json,url-shorten-service,kill,5,3,3,0,0,"compose-post-service,nginx-web-server,text-service",3,0,0,3,0,0,"compose-post-service,nginx-web-server,text-service",,,True,False,False
"POST-HOC SENSITIVITY REPLAY -- exploratory, not preregistered, not FDR-corrected",run_socialnetwork_user-mention-service_kill_1_2026-09-26T05-21-32.379160+00-00.json,user-mention-service,kill,1,3,3,0,0,"compose-post-service,nginx-web-server,text-service",3,0,0,3,0,0,"compose-post-service,nginx-web-server,text-service",,,True,False,False
"POST-HOC SENSITIVITY REPLAY -- exploratory, not preregistered, not FDR-corrected",run_socialnetwork_user-mention-service_kill_2_2026-09-26T07-22-53.068664+00-00.json,user-mention-service,kill,2,3,3,0,0,"compose-post-service,nginx-web-server,text-service",3,0,0,3,0,0,"compose-post-service,nginx-web-server,text-service",,,True,False,False
"POST-HOC SENSITIVITY REPLAY -- exploratory, not preregistered, not FDR-corrected",run_socialnetwork_user-mention-service_kill_3_2026-09-26T08-51-42.308124+00-00.json,user-mention-service,kill,3,3,3,0,0,"compose-post-service,nginx-web-server,text-service",3,0,0,3,0,0,"compose-post-service,nginx-web-server,text-service",,,True,False,False
"POST-HOC SENSITIVITY REPLAY -- exploratory, not preregistered, not FDR-corrected",run_socialnetwork_user-mention-service_kill_4_2026-09-26T10-20-08.542471+00-00.json,user-mention-service,kill,4,3,3,0,0,"compose-post-service,nginx-web-server,text-service",3,0,0,3,0,0,"compose-post-service,nginx-web-server,text-service",,,True,False,False
"POST-HOC SENSITIVITY REPLAY -- exploratory, not preregistered, not FDR-corrected",run_socialnetwork_user-mention-service_kill_5_2026-09-26T11-53-15.875669+00-00.json,user-mention-service,kill,5,3,3,0,0,"compose-post-service,nginx-web-server,text-service",3,0,0,3,0,0,"compose-post-service,nginx-web-server,text-service",,,True,False,False
"POST-HOC SENSITIVITY REPLAY -- exploratory, not preregistered, not FDR-corrected",run_socialnetwork_user-service_kill_1_2026-09-26T05-23-53.182296+00-00.json,user-service,kill,1,4,2,0,0,"compose-post-service,nginx-web-server",2,0,0,2,0,0,"compose-post-service,nginx-web-server",,,True,False,False
"POST-HOC SENSITIVITY REPLAY -- exploratory, not preregistered, not FDR-corrected",run_socialnetwork_user-service_kill_2_2026-09-26T07-25-14.848226+00-00.json,user-service,kill,2,4,2,0,0,"compose-post-service,nginx-web-server",2,0,0,2,0,0,"compose-post-service,nginx-web-server",,,True,False,False
"POST-HOC SENSITIVITY REPLAY -- exploratory, not preregistered, not FDR-corrected",run_socialnetwork_user-service_kill_3_2026-09-26T08-53-57.286891+00-00.json,user-service,kill,3,4,2,0,0,"compose-post-service,nginx-web-server",2,0,0,2,0,0,"compose-post-service,nginx-web-server",,,True,False,False
"POST-HOC SENSITIVITY REPLAY -- exploratory, not preregistered, not FDR-corrected",run_socialnetwork_user-service_kill_4_2026-09-26T10-22-34.604923+00-00.json,user-service,kill,4,4,2,0,0,"compose-post-service,nginx-web-server",2,0,0,2,0,0,"compose-post-service,nginx-web-server",,,True,False,False
"POST-HOC SENSITIVITY REPLAY -- exploratory, not preregistered, not FDR-corrected",run_socialnetwork_user-service_kill_5_2026-09-26T11-55-35.274321+00-00.json,user-service,kill,5,4,2,0,0,"compose-post-service,nginx-web-server",2,0,0,2,0,0,"compose-post-service,nginx-web-server",,,True,False,False
"POST-HOC SENSITIVITY REPLAY -- exploratory, not preregistered, not FDR-corrected",run_socialnetwork_user-timeline-service_kill_1_2026-09-26T05-26-12.044661+00-00.json,user-timeline-service,kill,1,2,2,0,0,"compose-post-service,nginx-web-server",2,0,0,2,0,0,"compose-post-service,nginx-web-server",,,True,False,False
"POST-HOC SENSITIVITY REPLAY -- exploratory, not preregistered, not FDR-corrected",run_socialnetwork_user-timeline-service_kill_2_2026-09-26T07-27-34.036967+00-00.json,user-timeline-service,kill,2,2,2,0,0,"compose-post-service,nginx-web-server",2,0,0,2,0,0,"compose-post-service,nginx-web-server",,,True,False,False
"POST-HOC SENSITIVITY REPLAY -- exploratory, not preregistered, not FDR-corrected",run_socialnetwork_user-timeline-service_kill_3_2026-09-26T08-56-19.569179+00-00.json,user-timeline-service,kill,3,2,2,0,0,"compose-post-service,nginx-web-server",2,0,0,2,0,0,"compose-post-service,nginx-web-server",,,True,False,False
"POST-HOC SENSITIVITY REPLAY -- exploratory, not preregistered, not FDR-corrected",run_socialnetwork_user-timeline-service_kill_4_2026-09-26T10-24-55.706254+00-00.json,user-timeline-service,kill,4,2,2,0,0,"compose-post-service,nginx-web-server",2,0,0,2,0,0,"compose-post-service,nginx-web-server",,,True,False,False
"POST-HOC SENSITIVITY REPLAY -- exploratory, not preregistered, not FDR-corrected",run_socialnetwork_user-timeline-service_kill_5_2026-09-26T11-57-56.464474+00-00.json,user-timeline-service,kill,5,2,2,0,0,"compose-post-service,nginx-web-server",2,0,0,2,0,0,"compose-post-service,nginx-web-server",,,True,False,False
"POST-HOC SENSITIVITY REPLAY -- exploratory, not preregistered, not FDR-corrected",run_socialnetwork_compose-post-service_latency_1_2026-09-26T13-11-04.967236+00-00.json,compose-post-service,latency,1,1,1,0,0,nginx-web-server,1,0,0,1,0,0,nginx-web-server,,,True,False,False
"POST-HOC SENSITIVITY REPLAY -- exploratory, not preregistered, not FDR-corrected",run_socialnetwork_compose-post-service_latency_2_2026-09-26T07-29-54.378863+00-00.json,compose-post-service,latency,2,1,1,0,0,nginx-web-server,1,0,0,1,0,0,nginx-web-server,,,True,False,False
"POST-HOC SENSITIVITY REPLAY -- exploratory, not preregistered, not FDR-corrected",run_socialnetwork_compose-post-service_latency_3_2026-09-26T08-58-38.393254+00-00.json,compose-post-service,latency,3,1,1,0,0,nginx-web-server,1,0,0,1,0,0,nginx-web-server,,,True,False,False
"POST-HOC SENSITIVITY REPLAY -- exploratory, not preregistered, not FDR-corrected",run_socialnetwork_compose-post-service_latency_4_2026-09-26T10-27-13.841445+00-00.json,compose-post-service,latency,4,1,1,0,0,nginx-web-server,1,0,0,1,0,0,nginx-web-server,,,True,False,False
"POST-HOC SENSITIVITY REPLAY -- exploratory, not preregistered, not FDR-corrected",run_socialnetwork_compose-post-service_latency_5_2026-09-26T12-00-19.327200+00-00.json,compose-post-service,latency,5,1,1,0,0,nginx-web-server,1,0,0,1,0,0,nginx-web-server,,,True,False,False
"POST-HOC SENSITIVITY REPLAY -- exploratory, not preregistered, not FDR-corrected",run_socialnetwork_home-timeline-service_latency_1_2026-09-26T13-13-29.613856+00-00.json,home-timeline-service,latency,1,2,2,0,0,"compose-post-service,nginx-web-server",2,0,0,2,0,0,"compose-post-service,nginx-web-server",,,True,False,False
"POST-HOC SENSITIVITY REPLAY -- exploratory, not preregistered, not FDR-corrected",run_socialnetwork_home-timeline-service_latency_2_2026-09-26T07-32-14.835801+00-00.json,home-timeline-service,latency,2,2,2,0,0,"compose-post-service,nginx-web-server",2,0,0,2,0,0,"compose-post-service,nginx-web-server",,,True,False,False
"POST-HOC SENSITIVITY REPLAY -- exploratory, not preregistered, not FDR-corrected",run_socialnetwork_home-timeline-service_latency_3_2026-09-26T09-00-58.742080+00-00.json,home-timeline-service,latency,3,2,2,0,0,"compose-post-service,nginx-web-server",2,0,0,2,0,0,"compose-post-service,nginx-web-server",,,True,False,False
"POST-HOC SENSITIVITY REPLAY -- exploratory, not preregistered, not FDR-corrected",run_socialnetwork_home-timeline-service_latency_4_2026-09-26T10-29-35.058327+00-00.json,home-timeline-service,latency,4,2,2,0,0,"compose-post-service,nginx-web-server",2,0,0,2,0,0,"compose-post-service,nginx-web-server",,,True,False,False
"POST-HOC SENSITIVITY REPLAY -- exploratory, not preregistered, not FDR-corrected",run_socialnetwork_home-timeline-service_latency_5_2026-09-26T12-02-45.607668+00-00.json,home-timeline-service,latency,5,2,2,0,0,"compose-post-service,nginx-web-server",2,0,0,2,0,0,"compose-post-service,nginx-web-server",,,True,False,False
"POST-HOC SENSITIVITY REPLAY -- exploratory, not preregistered, not FDR-corrected",run_socialnetwork_media-service_latency_1_2026-09-26T13-15-53.035477+00-00.json,media-service,latency,1,2,2,0,0,"compose-post-service,nginx-web-server",2,0,0,2,0,0,"compose-post-service,nginx-web-server",,,True,False,False
"POST-HOC SENSITIVITY REPLAY -- exploratory, not preregistered, not FDR-corrected",run_socialnetwork_media-service_latency_2_2026-09-26T07-34-34.222312+00-00.json,media-service,latency,2,2,2,0,0,"compose-post-service,nginx-web-server",2,0,0,2,0,0,"compose-post-service,nginx-web-server",,,True,False,False
"POST-HOC SENSITIVITY REPLAY -- exploratory, not preregistered, not FDR-corrected",run_socialnetwork_media-service_latency_3_2026-09-26T09-03-19.468708+00-00.json,media-service,latency,3,2,2,0,0,"compose-post-service,nginx-web-server",2,0,0,2,0,0,"compose-post-service,nginx-web-server",,,True,False,False
"POST-HOC SENSITIVITY REPLAY -- exploratory, not preregistered, not FDR-corrected",run_socialnetwork_media-service_latency_4_2026-09-26T10-31-54.551835+00-00.json,media-service,latency,4,2,2,0,0,"compose-post-service,nginx-web-server",2,0,0,2,0,0,"compose-post-service,nginx-web-server",,,True,False,False
"POST-HOC SENSITIVITY REPLAY -- exploratory, not preregistered, not FDR-corrected",run_socialnetwork_media-service_latency_5_2026-09-26T12-05-05.851026+00-00.json,media-service,latency,5,2,2,0,0,"compose-post-service,nginx-web-server",2,0,0,2,0,0,"compose-post-service,nginx-web-server",,,True,False,False
"POST-HOC SENSITIVITY REPLAY -- exploratory, not preregistered, not FDR-corrected",run_socialnetwork_post-storage-service_latency_1_2026-09-26T13-18-16.029461+00-00.json,post-storage-service,latency,1,4,4,0,0,"compose-post-service,home-timeline-service,nginx-web-server,user-timeline-service",4,0,0,4,0,0,"compose-post-service,home-timeline-service,nginx-web-server,user-timeline-service",,,True,False,False
"POST-HOC SENSITIVITY REPLAY -- exploratory, not preregistered, not FDR-corrected",run_socialnetwork_post-storage-service_latency_2_2026-09-26T07-36-55.952304+00-00.json,post-storage-service,latency,2,4,4,0,0,"compose-post-service,home-timeline-service,nginx-web-server,user-timeline-service",4,0,0,4,0,0,"compose-post-service,home-timeline-service,nginx-web-server,user-timeline-service",,,True,False,False
"POST-HOC SENSITIVITY REPLAY -- exploratory, not preregistered, not FDR-corrected",run_socialnetwork_post-storage-service_latency_3_2026-09-26T09-05-40.552354+00-00.json,post-storage-service,latency,3,4,3,0,0,"compose-post-service,home-timeline-service,nginx-web-server",3,0,0,4,0,0,"compose-post-service,home-timeline-service,nginx-web-server,user-timeline-service",,,True,True,True
"POST-HOC SENSITIVITY REPLAY -- exploratory, not preregistered, not FDR-corrected",run_socialnetwork_post-storage-service_latency_4_2026-09-26T10-34-14.541000+00-00.json,post-storage-service,latency,4,4,4,0,0,"compose-post-service,home-timeline-service,nginx-web-server,user-timeline-service",4,0,0,4,0,0,"compose-post-service,home-timeline-service,nginx-web-server,user-timeline-service",,,True,False,False
"POST-HOC SENSITIVITY REPLAY -- exploratory, not preregistered, not FDR-corrected",run_socialnetwork_post-storage-service_latency_5_2026-09-26T12-07-30.831702+00-00.json,post-storage-service,latency,5,4,4,0,0,"compose-post-service,home-timeline-service,nginx-web-server,user-timeline-service",4,0,0,4,0,0,"compose-post-service,home-timeline-service,nginx-web-server,user-timeline-service",,,True,False,False
"POST-HOC SENSITIVITY REPLAY -- exploratory, not preregistered, not FDR-corrected",run_socialnetwork_social-graph-service_latency_1_2026-09-26T13-20-40.631855+00-00.json,social-graph-service,latency,1,3,3,0,0,"compose-post-service,home-timeline-service,nginx-web-server",3,0,0,3,0,0,"compose-post-service,home-timeline-service,nginx-web-server",,,True,False,False
"POST-HOC SENSITIVITY REPLAY -- exploratory, not preregistered, not FDR-corrected",run_socialnetwork_social-graph-service_latency_2_2026-09-26T07-39-16.102628+00-00.json,social-graph-service,latency,2,3,3,0,0,"compose-post-service,home-timeline-service,nginx-web-server",3,0,0,3,0,0,"compose-post-service,home-timeline-service,nginx-web-server",,,True,False,False
"POST-HOC SENSITIVITY REPLAY -- exploratory, not preregistered, not FDR-corrected",run_socialnetwork_social-graph-service_latency_3_2026-09-26T09-08-00.178531+00-00.json,social-graph-service,latency,3,3,3,0,0,"compose-post-service,home-timeline-service,nginx-web-server",3,0,0,3,0,0,"compose-post-service,home-timeline-service,nginx-web-server",,,True,False,False
"POST-HOC SENSITIVITY REPLAY -- exploratory, not preregistered, not FDR-corrected",run_socialnetwork_social-graph-service_latency_4_2026-09-26T10-36-35.463078+00-00.json,social-graph-service,latency,4,3,3,0,0,"compose-post-service,home-timeline-service,nginx-web-server",3,0,0,3,0,0,"compose-post-service,home-timeline-service,nginx-web-server",,,True,False,False
"POST-HOC SENSITIVITY REPLAY -- exploratory, not preregistered, not FDR-corrected",run_socialnetwork_social-graph-service_latency_5_2026-09-26T12-09-51.308795+00-00.json,social-graph-service,latency,5,3,3,0,0,"compose-post-service,home-timeline-service,nginx-web-server",3,0,0,3,0,0,"compose-post-service,home-timeline-service,nginx-web-server",,,True,False,False
"POST-HOC SENSITIVITY REPLAY -- exploratory, not preregistered, not FDR-corrected",run_socialnetwork_text-service_latency_1_2026-09-26T13-23-03.528345+00-00.json,text-service,latency,1,2,2,0,0,"compose-post-service,nginx-web-server",2,0,0,2,0,0,"compose-post-service,nginx-web-server",,,True,False,False
"POST-HOC SENSITIVITY REPLAY -- exploratory, not preregistered, not FDR-corrected",run_socialnetwork_text-service_latency_2_2026-09-26T07-41-34.183377+00-00.json,text-service,latency,2,2,2,0,0,"compose-post-service,nginx-web-server",2,0,0,2,0,0,"compose-post-service,nginx-web-server",,,True,False,False
"POST-HOC SENSITIVITY REPLAY -- exploratory, not preregistered, not FDR-corrected",run_socialnetwork_text-service_latency_3_2026-09-26T09-10-25.311648+00-00.json,text-service,latency,3,2,2,0,0,"compose-post-service,nginx-web-server",2,0,0,2,0,0,"compose-post-service,nginx-web-server",,,True,False,False
"POST-HOC SENSITIVITY REPLAY -- exploratory, not preregistered, not FDR-corrected",run_socialnetwork_text-service_latency_4_2026-09-26T10-38-53.739319+00-00.json,text-service,latency,4,2,2,0,0,"compose-post-service,nginx-web-server",2,0,0,2,0,0,"compose-post-service,nginx-web-server",,,True,False,False
"POST-HOC SENSITIVITY REPLAY -- exploratory, not preregistered, not FDR-corrected",run_socialnetwork_text-service_latency_5_2026-09-26T12-12-11.034490+00-00.json,text-service,latency,5,2,2,0,0,"compose-post-service,nginx-web-server",2,0,0,2,0,0,"compose-post-service,nginx-web-server",,,True,False,False
"POST-HOC SENSITIVITY REPLAY -- exploratory, not preregistered, not FDR-corrected",run_socialnetwork_unique-id-service_latency_1_2026-09-26T13-25-25.417427+00-00.json,unique-id-service,latency,1,2,2,0,0,"compose-post-service,nginx-web-server",2,0,0,2,0,0,"compose-post-service,nginx-web-server",,,True,False,False
"POST-HOC SENSITIVITY REPLAY -- exploratory, not preregistered, not FDR-corrected",run_socialnetwork_unique-id-service_latency_2_2026-09-26T07-43-53.466602+00-00.json,unique-id-service,latency,2,2,2,0,0,"compose-post-service,nginx-web-server",2,0,0,2,0,0,"compose-post-service,nginx-web-server",,,True,False,False
"POST-HOC SENSITIVITY REPLAY -- exploratory, not preregistered, not FDR-corrected",run_socialnetwork_unique-id-service_latency_3_2026-09-26T09-12-44.386411+00-00.json,unique-id-service,latency,3,2,2,0,0,"compose-post-service,nginx-web-server",2,0,0,2,0,0,"compose-post-service,nginx-web-server",,,True,False,False
"POST-HOC SENSITIVITY REPLAY -- exploratory, not preregistered, not FDR-corrected",run_socialnetwork_unique-id-service_latency_4_2026-09-26T10-41-12.539083+00-00.json,unique-id-service,latency,4,2,2,0,0,"compose-post-service,nginx-web-server",2,0,0,2,0,0,"compose-post-service,nginx-web-server",,,True,False,False
"POST-HOC SENSITIVITY REPLAY -- exploratory, not preregistered, not FDR-corrected",run_socialnetwork_unique-id-service_latency_5_2026-09-26T12-14-30.943477+00-00.json,unique-id-service,latency,5,2,2,0,0,"compose-post-service,nginx-web-server",2,0,0,2,0,0,"compose-post-service,nginx-web-server",,,True,False,False
"POST-HOC SENSITIVITY REPLAY -- exploratory, not preregistered, not FDR-corrected",run_socialnetwork_url-shorten-service_latency_1_2026-09-26T13-27-50.628082+00-00.json,url-shorten-service,latency,1,3,3,0,0,"compose-post-service,nginx-web-server,text-service",3,0,0,3,0,0,"compose-post-service,nginx-web-server,text-service",,,True,False,False
"POST-HOC SENSITIVITY REPLAY -- exploratory, not preregistered, not FDR-corrected",run_socialnetwork_url-shorten-service_latency_2_2026-09-26T07-46-13.415911+00-00.json,url-shorten-service,latency,2,3,3,0,0,"compose-post-service,nginx-web-server,text-service",3,0,0,3,0,0,"compose-post-service,nginx-web-server,text-service",,,True,False,False
"POST-HOC SENSITIVITY REPLAY -- exploratory, not preregistered, not FDR-corrected",run_socialnetwork_url-shorten-service_latency_3_2026-09-26T09-15-04.868698+00-00.json,url-shorten-service,latency,3,3,3,0,0,"compose-post-service,nginx-web-server,text-service",3,0,0,3,0,0,"compose-post-service,nginx-web-server,text-service",,,True,False,False
"POST-HOC SENSITIVITY REPLAY -- exploratory, not preregistered, not FDR-corrected",run_socialnetwork_url-shorten-service_latency_4_2026-09-26T10-43-31.623742+00-00.json,url-shorten-service,latency,4,3,3,0,0,"compose-post-service,nginx-web-server,text-service",3,0,0,3,0,0,"compose-post-service,nginx-web-server,text-service",,,True,False,False
"POST-HOC SENSITIVITY REPLAY -- exploratory, not preregistered, not FDR-corrected",run_socialnetwork_url-shorten-service_latency_5_2026-09-26T12-16-49.460171+00-00.json,url-shorten-service,latency,5,3,3,0,0,"compose-post-service,nginx-web-server,text-service",3,0,0,3,0,0,"compose-post-service,nginx-web-server,text-service",,,True,False,False
"POST-HOC SENSITIVITY REPLAY -- exploratory, not preregistered, not FDR-corrected",run_socialnetwork_user-mention-service_latency_1_2026-09-26T13-30-15.767152+00-00.json,user-mention-service,latency,1,3,3,0,0,"compose-post-service,nginx-web-server,text-service",3,0,0,3,0,0,"compose-post-service,nginx-web-server,text-service",,,True,False,False
"POST-HOC SENSITIVITY REPLAY -- exploratory, not preregistered, not FDR-corrected",run_socialnetwork_user-mention-service_latency_2_2026-09-26T07-48-33.039226+00-00.json,user-mention-service,latency,2,3,3,0,0,"compose-post-service,nginx-web-server,text-service",3,0,0,3,0,0,"compose-post-service,nginx-web-server,text-service",,,True,False,False
"POST-HOC SENSITIVITY REPLAY -- exploratory, not preregistered, not FDR-corrected",run_socialnetwork_user-mention-service_latency_3_2026-09-26T09-17-23.438959+00-00.json,user-mention-service,latency,3,3,3,0,0,"compose-post-service,nginx-web-server,text-service",3,0,0,3,0,0,"compose-post-service,nginx-web-server,text-service",,,True,False,False
"POST-HOC SENSITIVITY REPLAY -- exploratory, not preregistered, not FDR-corrected",run_socialnetwork_user-mention-service_latency_4_2026-09-26T10-45-51.459136+00-00.json,user-mention-service,latency,4,3,3,0,0,"compose-post-service,nginx-web-server,text-service",3,0,0,3,0,0,"compose-post-service,nginx-web-server,text-service",,,True,False,False
"POST-HOC SENSITIVITY REPLAY -- exploratory, not preregistered, not FDR-corrected",run_socialnetwork_user-mention-service_latency_5_2026-09-26T12-19-08.934113+00-00.json,user-mention-service,latency,5,3,3,0,0,"compose-post-service,nginx-web-server,text-service",3,0,0,3,0,0,"compose-post-service,nginx-web-server,text-service",,,True,False,False
"POST-HOC SENSITIVITY REPLAY -- exploratory, not preregistered, not FDR-corrected",run_socialnetwork_user-service_latency_1_2026-09-26T13-32-47.000576+00-00.json,user-service,latency,1,4,2,0,0,"compose-post-service,nginx-web-server",2,0,0,2,0,0,"compose-post-service,nginx-web-server",,,True,False,False
"POST-HOC SENSITIVITY REPLAY -- exploratory, not preregistered, not FDR-corrected",run_socialnetwork_user-service_latency_2_2026-09-26T07-50-51.733775+00-00.json,user-service,latency,2,4,2,0,0,"compose-post-service,nginx-web-server",2,0,0,2,0,0,"compose-post-service,nginx-web-server",,,True,False,False
"POST-HOC SENSITIVITY REPLAY -- exploratory, not preregistered, not FDR-corrected",run_socialnetwork_user-service_latency_3_2026-09-26T09-19-44.234480+00-00.json,user-service,latency,3,4,2,0,0,"compose-post-service,nginx-web-server",2,0,0,2,0,0,"compose-post-service,nginx-web-server",,,True,False,False
"POST-HOC SENSITIVITY REPLAY -- exploratory, not preregistered, not FDR-corrected",run_socialnetwork_user-service_latency_4_2026-09-26T10-48-11.145622+00-00.json,user-service,latency,4,4,2,0,0,"compose-post-service,nginx-web-server",2,0,0,2,0,0,"compose-post-service,nginx-web-server",,,True,False,False
"POST-HOC SENSITIVITY REPLAY -- exploratory, not preregistered, not FDR-corrected",run_socialnetwork_user-service_latency_5_2026-09-26T12-21-28.809368+00-00.json,user-service,latency,5,4,2,0,0,"compose-post-service,nginx-web-server",2,0,0,2,0,0,"compose-post-service,nginx-web-server",,,True,False,False
"POST-HOC SENSITIVITY REPLAY -- exploratory, not preregistered, not FDR-corrected",run_socialnetwork_user-timeline-service_latency_1_2026-09-26T13-35-12.304281+00-00.json,user-timeline-service,latency,1,2,2,0,0,"compose-post-service,nginx-web-server",2,0,0,2,0,0,"compose-post-service,nginx-web-server",,,True,False,False
"POST-HOC SENSITIVITY REPLAY -- exploratory, not preregistered, not FDR-corrected",run_socialnetwork_user-timeline-service_latency_2_2026-09-26T07-53-10.979712+00-00.json,user-timeline-service,latency,2,2,2,0,0,"compose-post-service,nginx-web-server",2,0,0,2,0,0,"compose-post-service,nginx-web-server",,,True,False,False
"POST-HOC SENSITIVITY REPLAY -- exploratory, not preregistered, not FDR-corrected",run_socialnetwork_user-timeline-service_latency_3_2026-09-26T09-22-04.786103+00-00.json,user-timeline-service,latency,3,2,2,0,0,"compose-post-service,nginx-web-server",2,0,0,2,0,0,"compose-post-service,nginx-web-server",,,True,False,False
"POST-HOC SENSITIVITY REPLAY -- exploratory, not preregistered, not FDR-corrected",run_socialnetwork_user-timeline-service_latency_4_2026-09-26T10-50-30.854528+00-00.json,user-timeline-service,latency,4,2,2,0,0,"compose-post-service,nginx-web-server",2,0,0,2,0,0,"compose-post-service,nginx-web-server",,,True,False,False
"POST-HOC SENSITIVITY REPLAY -- exploratory, not preregistered, not FDR-corrected",run_socialnetwork_user-timeline-service_latency_5_2026-09-26T12-23-59.459650+00-00.json,user-timeline-service,latency,5,2,2,0,0,"compose-post-service,nginx-web-server",2,0,0,2,0,0,"compose-post-service,nginx-web-server",,,True,False,False
