run,repetition,service,faulted,old_baseline_p95_ms,old_fault_p95_ms,old_flagged,new_baseline_p95_ms,new_fault_p95_ms,new_flagged
pilot_hotelreservation_search_latency_rep1_2026-09-26T04-11-53.112863+00-00.json,1,frontend,False,14.49525,1972.1309999999999,True,14.49525,1972.1309999999999,True
pilot_hotelreservation_search_latency_rep1_2026-09-26T04-11-53.112863+00-00.json,1,geo,False,16.432899999999993,2041.6091500000002,True,0.5171499999999999,0.5339500000000001,False
pilot_hotelreservation_search_latency_rep1_2026-09-26T04-11-53.112863+00-00.json,1,profile,False,16.140499999999996,2024.3452,True,1.5833499999999996,1.7613999999999996,False
pilot_hotelreservation_search_latency_rep1_2026-09-26T04-11-53.112863+00-00.json,1,rate,False,16.432899999999993,2041.6091500000002,True,2.6136999999999984,3.0029500000000025,False
pilot_hotelreservation_search_latency_rep1_2026-09-26T04-11-53.112863+00-00.json,1,recommendation,False,5.696949999999996,4.662,False,0.1834499999999999,0.13199999999999998,False
pilot_hotelreservation_search_latency_rep1_2026-09-26T04-11-53.112863+00-00.json,1,reservation,False,15.799549999999998,2018.4494999999997,True,4.249599999999997,4.00535,False
pilot_hotelreservation_search_latency_rep1_2026-09-26T04-11-53.112863+00-00.json,1,search,True,16.432899999999993,2041.6091500000002,True,6.501099999999999,1425.3854000000001,True
pilot_hotelreservation_search_latency_rep1_2026-09-26T04-11-53.112863+00-00.json,1,user,False,7.4857999999999985,7.944449999999999,False,0.0510999999999999,0.037849999999999995,False
pilot_hotelreservation_search_latency_rep2_2026-09-26T04-14-37.596034+00-00.json,2,frontend,False,12.3396,2046.8002500000002,True,12.3396,2046.8002500000002,True
pilot_hotelreservation_search_latency_rep2_2026-09-26T04-14-37.596034+00-00.json,2,geo,False,15.91449999999999,2275.8686,True,0.5814499999999996,0.5324,False
pilot_hotelreservation_search_latency_rep2_2026-09-26T04-14-37.596034+00-00.json,2,profile,False,15.127749999999988,2209.8261999999995,True,1.3875499999999994,1.7349999999999997,False
pilot_hotelreservation_search_latency_rep2_2026-09-26T04-14-37.596034+00-00.json,2,rate,False,15.91449999999999,2275.8686,True,2.6813999999999996,3.2695999999999996,False
pilot_hotelreservation_search_latency_rep2_2026-09-26T04-14-37.596034+00-00.json,2,recommendation,False,4.1852,5.01675,False,0.12364999999999993,0.0955,False
pilot_hotelreservation_search_latency_rep2_2026-09-26T04-14-37.596034+00-00.json,2,reservation,False,14.673050000000005,2159.4075000000003,True,3.745850000000001,3.766,False
pilot_hotelreservation_search_latency_rep2_2026-09-26T04-14-37.596034+00-00.json,2,search,True,15.91449999999999,2275.8686,True,6.347599999999995,1594.3278999999998,True
pilot_hotelreservation_search_latency_rep2_2026-09-26T04-14-37.596034+00-00.json,2,user,False,6.85544999999999,6.4818,False,0.03904999999999995,0.047,False
