service,fault_type,ancestor_count,ancestor_affected_count
compose-post-service,kill,1,1.0
home-timeline-service,kill,2,2.0
media-service,kill,2,2.0
post-storage-service,kill,4,4.0
social-graph-service,kill,3,3.0
text-service,kill,2,2.0
unique-id-service,kill,2,2.0
url-shorten-service,kill,3,3.0
user-mention-service,kill,3,3.0
user-service,kill,4,2.0
user-timeline-service,kill,2,2.0
compose-post-service,latency,1,1.0
home-timeline-service,latency,2,2.0
media-service,latency,2,2.0
post-storage-service,latency,4,4.0
social-graph-service,latency,3,3.0
text-service,latency,2,2.0
unique-id-service,latency,2,2.0
url-shorten-service,latency,3,3.0
user-mention-service,latency,3,3.0
user-service,latency,4,2.0
user-timeline-service,latency,2,2.0
