file,produced_by,bytes
paper/CLAIMS_LEDGER.md,"hand-written, validated by paper/check_ledger.py",16650
paper/INDEX.csv,paper/build_all.py,3418
paper/build_all.py,source,2869
paper/build_numbers.py,source,39878
paper/check_draft_ids.py,source,5341
paper/check_ledger.py,source,3783
paper/draft/audit_disclosure.md,"hand-written, markers validated by paper/check_draft_ids.py",11476
paper/draft/limitations.md,"hand-written, markers validated by paper/check_draft_ids.py",9226
paper/draft/method.md,"hand-written, markers validated by paper/check_draft_ids.py",20699
paper/draft/outline_abstract.md,"hand-written, markers validated by paper/check_draft_ids.py",3810
paper/draft/outline_conclusion.md,"hand-written, markers validated by paper/check_draft_ids.py",2816
paper/draft/outline_discussion.md,"hand-written, markers validated by paper/check_draft_ids.py",6991
paper/draft/outline_intro.md,"hand-written, markers validated by paper/check_draft_ids.py",5337
paper/draft/outline_related_work.md,"hand-written, markers validated by paper/check_draft_ids.py",7480
paper/draft/results.md,"hand-written, markers validated by paper/check_draft_ids.py",14048
paper/emit_macros.py,source,3649
paper/figures/fig_leave_one_out.pdf,paper/make_figures.py,18556
paper/figures/fig_leave_one_out.png,paper/make_figures.py,148202
paper/figures/fig_leave_one_out_data.csv,paper/make_figures.py,502
paper/figures/fig_primary_sn.pdf,paper/make_figures.py,22664
paper/figures/fig_primary_sn.png,paper/make_figures.py,115498
paper/figures/fig_primary_sn_data.csv,paper/make_figures.py,768
paper/figures/fig_q3_artifact.pdf,paper/make_figures.py,20762
paper/figures/fig_q3_artifact.png,paper/make_figures.py,177168
paper/figures/fig_q3_artifact_data.csv,paper/make_figures.py,2897
paper/figures/fig_rank_inversion.pdf,paper/make_figures.py,25851
paper/figures/fig_rank_inversion.png,paper/make_figures.py,267291
paper/figures/fig_rank_inversion_data.csv,paper/make_figures.py,470
paper/figures/figures_index.csv,paper/make_figures.py,1085
paper/make_figures.py,source,14750
paper/make_tables.py,source,11901
paper/numbers.csv,paper/build_numbers.py,54489
paper/numbers.json,paper/emit_macros.py,91274
paper/numbers.tex,paper/emit_macros.py,42907
paper/tables/tables_index.csv,paper/make_tables.py,1772
paper/tables/tbl_deviations.csv,paper/make_tables.py,19916
paper/tables/tbl_deviations.md,paper/make_tables.py,20199
paper/tables/tbl_family_summary.csv,paper/make_tables.py,315
paper/tables/tbl_family_summary.md,paper/make_tables.py,394
paper/tables/tbl_h1b.csv,paper/make_tables.py,770
paper/tables/tbl_h1b.md,paper/make_tables.py,951
paper/tables/tbl_leave_one_out.csv,paper/make_tables.py,4151
paper/tables/tbl_leave_one_out.md,paper/make_tables.py,4584
paper/tables/tbl_power.csv,paper/make_tables.py,547
paper/tables/tbl_power.md,paper/make_tables.py,700
paper/tables/tbl_predictors_hr.csv,paper/make_tables.py,697
paper/tables/tbl_predictors_hr.md,paper/make_tables.py,996
paper/tables/tbl_predictors_sn.csv,paper/make_tables.py,1084
paper/tables/tbl_predictors_sn.md,paper/make_tables.py,1503
paper/tables/tbl_primary_by_family.csv,paper/make_tables.py,829
paper/tables/tbl_primary_by_family.md,paper/make_tables.py,1038
paper/tables/tbl_primary_exact_p_supplementary.csv,paper/make_tables.py,349
paper/tables/tbl_primary_exact_p_supplementary.md,paper/make_tables.py,442
